Tira;Puntos;Posicion
OBRAS SANITARIAS A;495038;1
BOCA JUNIORS A;328357;2
PINOCHO A;318723;3
CAZA Y PESCA A;298305;4
VELEZ SARSFIELD A;295944;5
FERROCARRIL OESTE A;278966;6
LOS INDIOS DE MORENO A;246108;7
INSTITUCION SARMIENTO A;241214;8
COMUNICACIONES A;240686;9
GIMNASIA Y ESGRIMA DE LOMAS DE ZAMORA A;237299;10
RIVER PLATE;232306;11
ESTUDIANTIL PORTEÑO A;228855;12
PRESIDENTE DERQUI;221856;13
ARGENTINO DE CASTELAR A;202991;14
MORON A;202025;15
SPORTIVO ESCOBAR;201022;16
CLUB TRES DE FEBRERO A;200306;17
GEVP A;196044;18
SPORTIVO PILAR A;194371;19
PEDRO ECHAGUE A;190632;20
BURZACO FC A;187481;21
LANUS A;186536;22
CIUDAD DE BUENOS AIRES A;185100;23
SOCIAL BECCAR A;184652;24
GIMNASIA Y ESGRIMA DE LA PLATA A;176601;25
CLARIDAD;175846;26
GIMNASIA Y ESGRIMA DE ITUZAINGO A;172521;27
ARQUITECTURA A;171249;28
SAN MIGUEL B;165271;29
QUILMES A.C.;158503;30
SAN LORENZO A;158220;31
TEMPERLEY;156314;32
CLUB ATLETICO PILAR;154975;33
PLATENSE A;151369;34
TRISTAN SUAREZ;148662;35
JOSE HERNANDEZ A;137060;36
DEP. MORON A;136999;37
EL TALAR;135255;38
SAN FERNANDO A;131484;39
CLUB SOCIAL ALEJANDRO KORN;129364;40
MIDLAND;127328;41
BANADE A;124242;42
MONTE GRANDE A;124152;43
ITALIANO A;122834;44
VARELA JRS;122428;45
ATENEO POPULAR VERSAILLES;122382;46
IMPERIO A;121034;47
WILDE SPORTING;120043;48
UNION VILLEGAS;118545;49
C.A.S.A PADUA A;102386;50
FERROCARRIL OESTE B;99684;51
NAUTICO HACOAJ A;98219;52
UNION VECINAL DE MUNRO;95028;53
HURACAN DE SAN JUSTO A;93676;54
UNION FLORIDA;89080;55
LOS INDIOS DE MORENO B;88062;56
GEVP B;86627;57
ARMENIA;86233;58
VILLA MITRE;85012;59
PORTEÑO ATHLETIC CLUB A;83714;60
A.F.A.L.P. A;82006;61
BOCA JUNIORS B;81264;62
RACING CLUB;77800;63
PINOCHO B;76886;64
ALL BOYS A;76770;65
VICTORIA A;76248;66
DEPORTIVO CROVARA A;73520;67
INSTITUCION SARMIENTO B;68605;68
OLIMPO A;66086;69
ARGENTINO DE CASTELAR B;65926;70
LOS ANDES;64896;71
CAZA Y PESCA B;64807;72
BERAZATEGUI;64224;73
CLUB TRES DE FEBRERO B;63300;74
SPORTIVO VILLA BALLESTER;63018;75
CLUB SOCIAL EZEIZA;61998;76
VELEZ SARSFIELD B;61826;77
ESTRELLA DE BOEDO;60850;78
CAÑUELAS FC;59849;79
INDEPENDIENTE DE BURZACO;58100;80
DEPORTIVO SAN ANDRES;57298;81
CIUDAD DE BUENOS AIRES B;55372;82
INDEPENDIENTE A;54874;83
ARQUITECTURA B;54740;84
LOBOS ATHLETIC CLUB;53147;85
COUNTRY BANFIELD A;52131;86
BANCO PROVINCIA A;51860;87
DEFENSORES DE HURLINGHAM A;49035;88
ESTUDIANTIL PORTEÑO B;45690;89
COPELLO;45120;90
RACING ANEXO;44100;91
UNIVERSIDAD DE LA MATANZA;42801;92
U.V.V.ADELINA;42522;93
CLUB CEPA;40190;94
INDEPENDIENTE B;39742;95
CLUB ATLETICO BERNAL;39466;96
COLEGIALES B;39177;97
YUPANQUI;39018;98
CEDEM;38274;99
HARRODS GATH Y CHAVES;36489;100
PORTEÑO ATHLETIC CLUB B;35859;101
SAN MIGUEL A;35312;102
GUILLON BASQUET;34536;103
JUVENTUD UNIDA;34478;104
MORON B;34436;105
NOLTING;34060;106
SITAS A;33878;107
EL PORVENIR;33246;108
CLUB SOCIAL Y DEPORTIVO ARENAL;32678;109
LAS HERAS A;31493;110
LEANDRO N ALEM;31489;111
GEBA;31138;112
DEFENSORES DE GLEW;30790;113
SPORTIVO ALSINA;30187;114
SOCIAL LANUS;29938;115
COLEGIALES A;29848;116
DEFENSORES DE BANFIELD;29428;117
GIMNASIA Y ESGRIMA DE LOMAS DE ZAMORA B;28978;118
DEFENSORES DE SANTOS LUGARES;28247;119
C.A.S.A PADUA B;28226;120
MORENO DE QUILMES;27970;121
RAMOS MEJIA LTC;27631;122
EL PALOMAR;27595;123
SAN FERNANDO B;27409;124
LUZ Y ARTE;27340;125
COOPERARIOS;27093;126
BANCO NACION A;26703;127
LANUS B;26688;128
DEP. MORON B;26507;129
GIMNASIA Y ESGRIMA DE ITUZAINGO B;26215;130
INDEPENDIENTE DE ESCOBAR;25759;131
UNIVERSIDAD DE BUENOS AIRES;24484;132
CLUB PORTUGUES DEL GRAN BUENOS AIRES;24203;133
SAN LORENZO B;23195;134
NAUTICO BUCHARDO A;23074;135
SPORTIVO HAEDO;22872;136
VILLA ESPAÑA;21873;137
BELLA VISTA;21818;138
COLON FC;21313;139
CLUB EL FOGON;21076;140
JOSE HERNANDEZ B;21032;141
CENTRO GALICIA;20860;142
ARGENTINOS JUNIORS;20641;143
PEDRO ECHAGUE B;20562;144
PLATENSE B;20327;145
ATLETICO BOULOGNE A;19832;146
CLUB ATLETICO PAMPERO;19797;147
UNITARIOS DE MARCOS PAZ;19479;148
MUNICIPALIDAD DE AVELLANEDA;19354;149
JUVENCIA;19119;150
FERROCARRIL OESTE C;18664;151
MACABI;18585;152
17 DE AGOSTO;18235;153
CENTRO ESPAÑOL;17877;154
NAUTICO HACOAJ B;17771;155
PASO DEL REY;17762;156
LA UNION;17368;157
GIMNASIA Y ESGRIMA DE LA PLATA B;17053;158
CLUB  ATLETICO Y PROGRESO DE BRANDSEN;16781;159
ALDO BONZI;16600;160
DEFENSORES DE HURLINGHAM B;16111;161
CIUDADELA NORTE;16036;162
MONTE GRANDE B;16031;163
ITALIANO B;14816;164
PINOCHO C;14674;165
DEPORTIVO CROVARA B;14664;166
TALLERES;14521;167
IMPERIO B;14183;168
COOPERATIVA TORTUGUITAS;13457;169
CLUB ATLETICO HURACAN DE PARQUE PATRICIOS;12578;170
CIRCULO URQUIZA A;12130;171
NAUTICO BUCHARDO B;12033;172
HEBRAICA;11429;173
BANCO NACION B;10749;174
CLUB  SOCIAL Y  DEPORTIVO TAMBEROS UNIDOS;10584;175
CLUB TRES DE FEBRERO C;10405;176
VICTORIA B;8994;177
DEFENSORES DE MORENO A;8616;178
TAPONAZO  FUTBOL CLUB;8120;179
BURZACO FC B;8095;180
HURACAN DE SAN JUSTO B;6813;181
ITALIANO DE JOSE C PAZ;6562;182
ARGENTINO DE CASTELAR C;5908;183
COUNTRY BANFIELD B;5857;184
ALL BOYS DE SAAVEDRA;3300;185
CLUB SOCIAL Y DEPORTIVO NAHUEL;-1682;186
ARGENTINO DE QUILMES;-16724;187
DEFENSORES DE MORENO B;-18714;188
NUEVA CHICAGO;-22517;189
