Posicion;Tira;Pts_Aportados_INFANTILES;Pts_Aportados_CADETES;Pts_Aportados_JUVENILES;Pts_Aportados_LIGA_PROXIMO;Cantidad_Forfaits;Total_Penalizaciones;Total_Renivelacion
1;OBRAS SANITARIAS A;196552;180186;203595;183753;26;26000;738086
2;FERROCARRIL OESTE A;140225;127254;181356;198674;4;4000;643509
3;BOCA JUNIORS A;81284;187922;224701;128501;23;23000;599408
4;PINOCHO A;127450;153396;114139;211527;14;14000;592512
5;CAZA Y PESCA A;181488;114726;140414;111912;18;18000;530540
6;INSTITUCION SARMIENTO A;201145;155879;101937;84927;15;15000;528888
7;GIMNASIA Y ESGRIMA DE LOMAS DE ZAMORA A;88160;138766;166987;113223;10;10000;497136
8;ESTUDIANTIL PORTEÑO A;136536;137965;101402;116259;5;5000;487162
9;CLUB TRES DE FEBRERO A;132427;157875;94095;95205;0;0;479602
10;RIVER PLATE;102016;82482;127379;147918;4;4000;455795
11;VELEZ SARSFIELD A;167724;95223;105906;87947;4;4000;452800
12;LANUS A;109874;106277;125934;131218;23;23000;450303
13;GEVP A;117076;101502;103063;127224;3;3000;445865
14;ARGENTINO DE CASTELAR A;119948;102084;128693;108790;18;18000;441515
15;PRESIDENTE DERQUI;129203;90828;143304;88629;11;11000;440964
16;MORON A;105139;99364;83783;123412;3;3000;408698
17;COMUNICACIONES A;74276;139834;124955;70339;8;8000;401404
18;LOS INDIOS DE MORENO A;108975;86518;69388;134034;6;6000;392915
19;SPORTIVO ESCOBAR;104576;77422;92299;98999;13;13000;360296
20;PEDRO ECHAGUE A;86982;101379;84702;88089;2;2000;359152
21;SPORTIVO PILAR A;75472;114931;87177;73553;6;6000;345133
22;QUILMES A.C.;99186;105686;85909;57267;14;14000;334048
23;CIUDAD DE BUENOS AIRES A;58322;109465;108923;64190;11;11000;329900
24;WILDE SPORTING;60889;95571;74175;97039;0;0;327674
25;CLARIDAD;55061;67282;88846;115253;7;7000;319442
26;TRISTAN SUAREZ;101859;69488;85957;62763;3;3000;317067
27;GIMNASIA Y ESGRIMA DE LA PLATA A;81865;89155;99649;70858;31;31000;310527
28;SAN LORENZO A;61176;66380;74916;124247;18;18000;308719
29;GIMNASIA Y ESGRIMA DE ITUZAINGO A;70665;85928;69965;91147;13;13000;304705
30;ARQUITECTURA A;84650;80951;75055;66206;5;5000;301862
31;CLUB ATLETICO PILAR;56261;76955;77329;108880;23;23000;296425
32;SOCIAL BECCAR A;55561;80526;76171;79722;8;8000;283980
33;TEMPERLEY;60986;74020;69586;81043;10;10000;275635
34;BURZACO FC A;61289;107731;63900;54256;17;17000;270176
35;C.A.S.A PADUA A;78474;68105;55140;73112;5;5000;269831
36;SAN FERNANDO A;57773;92229;63121;69584;15;15000;267707
37;ITALIANO A;67504;70519;75129;66432;18;18000;261584
38;PLATENSE A;70380;54409;79083;71152;21;21000;254024
39;VARELA JRS;64126;67047;62054;55680;9;9000;239907
40;DEP. MORON A;59787;45040;89350;41160;11;11000;224337
41;ATENEO POPULAR VERSAILLES;61607;47543;49334;60233;0;0;218717
42;EL TALAR;47796;47435;59189;64295;0;0;218715
43;CLUB SOCIAL ALEJANDRO KORN;89093;42405;41687;47727;3;3000;217912
44;MONTE GRANDE A;68695;70737;40271;43663;7;7000;216366
45;JOSE HERNANDEZ A;55798;53088;48868;62570;6;6000;214324
46;IMPERIO A;64524;76754;54015;54547;40;40000;209840
47;UNION FLORIDA;55518;56835;50294;47249;4;4000;205896
48;A.F.A.L.P. A;45296;50882;56312;56739;6;6000;203229
49;MIDLAND;54609;44196;43009;77952;20;20000;199766
50;BANADE A;64431;38938;52991;44028;2;2000;198388
51;BERAZATEGUI;45610;61470;41388;52335;4;4000;196803
52;HURACAN DE SAN JUSTO A;40630;75663;45674;56134;24;24000;194101
53;NAUTICO HACOAJ A;51872;41210;38570;57237;4;4000;184889
54;SAN MIGUEL B;57654;38611;44686;44611;2;2000;183562
55;VILLA MITRE;48282;44218;46311;43528;6;6000;176339
56;UNION VECINAL DE MUNRO;38656;41160;34338;64473;6;6000;172627
57;RACING CLUB;22964;40003;62992;76139;35;35000;167098
58;DEFENSORES DE HURLINGHAM A;49549;44790;43645;38918;13;13000;163902
59;CAÑUELAS FC;42199;37362;35639;51972;4;4000;163172
60;FERROCARRIL OESTE B;45151;46132;55285;35587;24;24000;158155
61;UNION VILLEGAS;52003;45682;40436;22625;5;5000;155746
62;PORTEÑO ATHLETIC CLUB A;77036;27080;22439;32664;7;7000;152219
63;INDEPENDIENTE A;20176;37153;31780;71552;10;10000;150661
64;VICTORIA A;42108;40903;46064;29426;9;9000;149501
65;LOS INDIOS DE MORENO B;40065;35737;44761;35619;10;10000;146182
66;OBRAS SANITARIAS B;41711;49051;41128;36776;25;25000;143666
67;GEVP B;31410;30138;48875;45055;19;19000;136478
68;ALL BOYS A;32077;32127;36393;43864;10;10000;134461
69;SPORTIVO VILLA BALLESTER;49198;31316;27635;29591;8;8000;129740
70;DEPORTIVO CROVARA A;34139;41145;31380;33856;12;12000;128520
71;OLIMPO A;47864;33874;26509;28190;8;8000;128437
72;LOBOS ATHLETIC CLUB;46967;35271;30771;22012;11;11000;124021
73;ARMENIA;32513;28148;37556;30000;7;7000;121217
74;LOS ANDES;29168;31840;37299;34379;17;17000;115686
75;HARRODS GATH Y CHAVES;32777;29770;28218;23833;4;4000;110598
76;BANCO PROVINCIA A;34129;43092;39723;32423;43;43000;106367
77;ATLETICO BOULOGNE A;29876;24388;46656;31926;28;28000;104846
78;PINOCHO B;26427;36091;26324;33918;20;20000;102760
79;CEDEM;35040;24639;28718;20555;7;7000;101952
80;DEPORTIVO SAN ANDRES;28630;29518;26730;35761;20;20000;100639
81;CLUB TRES DE FEBRERO B;21516;40820;26027;18528;9;9000;97891
82;BOCA JUNIORS B;18544;35279;30034;37188;24;24000;97045
83;INDEPENDIENTE DE BURZACO;30998;28828;23955;20175;8;8000;95956
84;BANCO NACION A;22586;26333;24299;33705;11;11000;95923
85;SAN MIGUEL A;32943;47200;35475;34338;55;55000;94956
86;CLUB ATLETICO BERNAL;33003;22266;28004;27530;17;17000;93803
87;COLEGIALES A;21673;27176;29928;29916;15;15000;93693
88;COUNTRY BANFIELD A;29780;21336;24806;19659;5;5000;90581
89;VELEZ SARSFIELD B;29943;30206;25188;22080;18;18000;89417
90;ARGENTINO DE CASTELAR B;27040;30733;49947;34011;53;53000;88731
91;LAS HERAS A;22714;19589;22777;35639;12;12000;88719
92;CIUDAD DE BUENOS AIRES B;21158;20541;23520;31883;9;9000;88102
93;NAUTICO BUCHARDO A;24943;26756;39544;28411;33;33000;86654
94;U.V.V.ADELINA;30297;21271;16257;21456;6;6000;83281
95;COPELLO;35440;24468;29141;26079;32;32000;83128
96;CLUB SOCIAL EZEIZA;20512;23214;21506;28585;13;13000;80817
97;NOLTING;24506;20786;32131;35046;32;32000;80469
98;ESTRELLA DE BOEDO;23906;27057;24928;22518;20;20000;78409
99;CAZA Y PESCA B;23841;23436;29007;22020;21;21000;77304
100;ARQUITECTURA B;22388;19370;18379;25024;8;8000;77161
101;CENTRO GALICIA;29066;18272;17868;17703;7;7000;75909
102;GEBA;19091;21530;18215;27800;12;12000;74636
103;DEFENSORES DE GLEW;23368;19086;19078;25110;16;16000;70642
104;DEFENSORES DE SANTOS LUGARES;22938;20527;19324;17425;10;10000;70214
105;DEFENSORES DE BANFIELD;26024;25303;29165;23467;34;34000;69959
106;SITAS A;17816;21941;17702;16490;4;4000;69949
107;LANUS B;19059;23165;25617;26865;25;25000;69706
108;JUVENTUD UNIDA;18986;21160;16518;12907;0;0;69571
109;COOPERARIOS;24444;20301;18376;25239;19;19000;69360
110;INSTITUCION SARMIENTO B;25246;30323;26777;28427;42;42000;68773
111;RAMOS MEJIA LTC;20556;18031;25296;23918;25;25000;62801
112;UNIVERSIDAD DE LA MATANZA;20121;25455;15758;20888;20;20000;62222
113;CLUB CEPA;17375;16273;12743;27784;12;12000;62175
114;YUPANQUI;18304;16592;22382;20805;16;16000;62083
115;RACING ANEXO;29643;21131;15677;15126;21;21000;60577
116;SPORTIVO ALSINA;14559;23798;17814;14217;10;10000;60388
117;CLUB SOCIAL Y DEPORTIVO ARENAL;14513;16823;19348;15398;6;6000;60082
118;UNITARIOS DE MARCOS PAZ;20694;24528;26184;26213;39;39000;58619
119;MORENO DE QUILMES;15242;21105;18306;15023;15;15000;54676
120;GIMNASIA Y ESGRIMA DE LOMAS DE ZAMORA B;13077;14327;15159;24428;13;13000;53991
121;MORON B;14993;20241;18465;18277;18;18000;53976
122;C.A.S.A PADUA B;18077;27041;19047;21009;33;33000;52174
123;EL PALOMAR;14823;21662;19700;16603;21;21000;51788
124;PORTEÑO ATHLETIC CLUB B;15767;15961;12411;13586;6;6000;51725
125;ESTUDIANTIL PORTEÑO B;22430;32486;25034;23086;52;52000;51036
126;GIMNASIA Y ESGRIMA DE ITUZAINGO B;15144;13466;17455;12790;9;9000;49855
127;SPORTIVO HAEDO;17250;13728;11032;15610;8;8000;49620
128;CLUB PORTUGUES DEL GRAN BUENOS AIRES;19082;14933;13394;16564;15;15000;48973
129;LEANDRO N ALEM;15596;18814;16491;19689;23;23000;47590
130;GUILLON BASQUET;13871;17645;21206;19478;25;25000;47200
131;17 DE AGOSTO;25707;17360;16811;18398;33;33000;45276
132;SAN FERNANDO B;15298;15739;13449;16199;17;17000;43685
133;JOSE HERNANDEZ B;14494;11344;11111;14990;9;9000;42939
134;INDEPENDIENTE DE ESCOBAR;18196;13787;17601;9608;18;18000;41192
135;INDEPENDIENTE B;16275;0;24466;0;1;1000;39741
136;CLUB EL FOGON;12075;12384;13736;13148;12;12000;39343
137;LUZ Y ARTE;17893;9443;14436;23254;26;26000;39026
138;PASO DEL REY;9726;9455;9574;11766;2;2000;38521
139;COOPERATIVA TORTUGUITAS;15259;15985;15834;15168;24;24000;38246
140;EL PORVENIR;18299;12797;19596;15031;28;28000;37723
141;COLEGIALES B;12285;17308;18844;19172;30;30000;37609
142;CLUB ATLETICO PAMPERO;13696;13046;15389;14123;19;19000;37254
143;BELLA VISTA;15951;22760;13596;12594;28;28000;36901
144;CENTRO ESPAÑOL;21868;17471;15725;13362;32;32000;36426
145;MACABI;13756;13980;23121;16536;31;31000;36393
146;FERROCARRIL OESTE C;10637;13913;13168;12261;17;17000;32979
147;SOCIAL LANUS;15080;11975;22500;18417;36;36000;31972
148;CLUB ATLETICO HURACAN DE PARQUE PATRICIOS;7491;9925;13250;11390;11;11000;31056
149;CIUDADELA NORTE;12909;13732;14224;16024;27;27000;29889
150;DEPORTIVO CROVARA B;12142;8077;10415;5883;7;7000;29517
151;MUNICIPALIDAD DE AVELLANEDA;16993;14447;13501;10085;26;26000;29026
152;CIRCULO URQUIZA A;14103;16292;11326;21156;34;34000;28877
153;MONTE GRANDE B;11149;6262;8187;7994;6;6000;27592
154;ARGENTINOS JUNIORS;16219;16434;17833;12434;38;38000;24920
155;NAUTICO HACOAJ B;12689;9463;12076;12175;22;22000;24403
156;PEDRO ECHAGUE B;11741;14766;11775;14679;29;29000;23961
157;ALDO BONZI;10301;8738;12033;8656;17;17000;22728
158;CLUB  ATLETICO Y PROGRESO DE BRANDSEN;10661;9979;16932;12076;27;27000;22648
159;JUVENCIA;18330;9868;11364;9995;27;27000;22557
160;VILLA ESPAÑA;13841;19135;13881;12823;39;39000;20680
161;BANCO NACION B;5870;7126;8388;6440;10;10000;17824
162;CLUB ATENEO INGENIERO RAVER;4482;6232;5432;4880;4;4000;17026
163;MUNICIPALIDAD DE HURLINGHAM;7477;4755;2297;4447;2;2000;16976
164;COMUNICACIONES B;4546;6146;4346;3646;2;2000;16684
165;ITALIANO B;9181;15961;20899;14357;44;44000;16398
166;VICTORIA B;7064;7785;6947;5873;12;12000;15669
167;PLATENSE B;12456;15394;17371;17011;48;48000;14232
168;DEP. MORON B;11292;11662;15478;13122;39;39000;12554
169;TAMBEROS UNIDOS;3468;3368;2918;3118;1;1000;11872
170;COUNTRY BANFIELD B;5839;7155;7725;4999;14;14000;11718
171;COLON FC;13382;12232;13323;15139;43;43000;11076
172;DEFENSORES DE MORENO A;13386;10771;16194;16890;47;47000;10241
173;SAN LORENZO B;11943;13403;18369;15619;50;50000;9334
174;SPORTIVO PILAR B;2555;2105;3605;4205;4;4000;8470
175;UNIVERSIDAD DE BUENOS AIRES;8350;19753;19733;22096;62;62000;7932
176;CLUB ATLETICO 9 DE JULIO DE LANUS;3225;2575;2025;2325;3;3000;7150
177;DEFENSORES DE HURLINGHAM B;7587;7684;8786;11812;29;29000;6869
178;PINOCHO C;10440;11980;9106;12694;38;38000;6220
179;SOCIAL BECCAR B;1755;2155;2005;3905;4;4000;5820
180;HEBRAICA;11665;10186;13956;19722;51;51000;4529
181;IMPERIO B;17632;13391;11031;8617;47;47000;3671
182;BANADE B;1079;730;1063;730;0;0;3602
183;CLUB  JUVENTUD  UNIDA  DE LAVALLOL;913;814;730;0;0;0;2457
184;ATLETICO BOULOGNE B;556;473;540;357;0;0;1926
185;OLIMPO B;489;750;498;444;1;1000;1181
186;CLUB TRES DE FEBRERO C;9553;8044;5782;6031;30;30000;-590
187;NAUTICO BUCHARDO B;9460;12605;11989;13873;49;49000;-1073
188;SITAS B;3536;-564;2886;1736;9;9000;-1406
189;CLUB SOCIAL Y DEPORTIVO NAHUEL;870;1020;720;708;5;5000;-1682
190;ARGENTINO DE CASTELAR C;6012;5905;6204;7692;28;28000;-2187
191;TAPONAZO  FUTBOL CLUB;8135;13147;8718;12906;46;46000;-3094
192;ITALIANO DE JOSE C PAZ;8851;10693;10384;10415;44;44000;-3657
193;CLUB  SOCIAL Y  DEPORTIVO TAMBEROS UNIDOS;7096;6621;7200;5606;31;31000;-4477
194;ALL BOYS DE SAAVEDRA;6388;7548;8818;8868;39;39000;-7378
195;LA UNION;9126;8940;8775;12511;50;50000;-10648
196;ALL BOYS B;4360;3127;3290;3415;25;25000;-10808
197;GIMNASIA Y ESGRIMA DE ITUZAINGO C;2379;629;3029;2429;25;25000;-16534
198;DEFENSORES DE MORENO B;1503;1232;2007;2544;26;26000;-18714
199;GIMNASIA Y ESGRIMA DE LA PLATA B;10370;17983;8519;10110;66;66000;-19018
200;BANCO PROVINCIA B;1033;914;775;1137;23;23000;-19141
201;A.F.A.L.P. B;1978;1624;2836;2190;29;29000;-20372
202;BURZACO FC B;4592;6325;6096;4444;42;42000;-20543
203;ARGENTINO DE QUILMES;5913;4931;5240;4222;45;45000;-24694
204;ESTUDIANTIL PORTEÑO C;104;774;920;624;32;32000;-29578
205;LAS HERAS B;2513;2257;1804;2969;40;40000;-30457
206;CLUB 12 DE OCTUBRE;2450;2502;2263;2051;48;48000;-38734
207;CIRCULO URQUIZA B;1611;1531;2572;1989;47;47000;-39297
208;TALLERES;8379;8823;12526;18708;103;103000;-54564
209;SOCIEDAD ATLETICA PABELLON ARGENTINO;516;141;1357;216;61;61000;-58770
210;HURACAN DE SAN JUSTO B;995;9795;11905;9840;116;116000;-83465
211;NUEVA CHICAGO;165;5592;6932;13568;127;127000;-100743
