Tira;Pts_Baseline_INFANTILES;Pts_Baseline_CADETES;Pts_Baseline_JUVENILES;Pts_Baseline_LIGA_PROXIMO;Total_Baseline
MORON A;3068.0;3612.375;3612.375;3547.375;13840
BOCA JUNIORS A;2765.425;3122.925;3122.925;3057.925;12069
FERROCARRIL OESTE A;2928.5750000000003;3188.5750000000003;3253.5750000000003;2573.35;11944
SPORTIVO PILAR A;3275.3500000000004;2397.8500000000004;3112.8500000000004;3047.8500000000004;11834
OBRAS SANITARIAS A;3149.25;3084.25;2889.25;2555.8;11679
LANUS A;2821.0;2918.5;2821.0;3113.5;11674
C.A.S.A PADUA A;3002.675;2937.675;2710.175;2905.175;11556
ITALIANO A;2813.2000000000003;2845.7;2528.5;3105.7000000000003;11293
IMPERIO A;3017.95;2757.95;2627.95;2725.45;11129
SAN LORENZO A;2757.95;2692.95;2985.45;2692.95;11129
GIMNASIA Y ESGRIMA DE LA PLATA A;2546.375;3098.875;3163.8750000000005;2221.375;11030
CLUB SOCIAL ALEJANDRO KORN;3057.925;2505.425;2505.425;2765.425;10834
CAZA Y PESCA A;2942.55;2617.55;2357.55;2812.55;10730
TRISTAN SUAREZ;2581.4750000000004;2873.9750000000004;2678.9750000000004;2516.4750000000004;10651
RIVER PLATE;2045.55;2533.05;3118.05;2890.55;10587
GEBA;2798.25;2213.25;2765.75;2765.75;10543
QUILMES A.C.;2728.375;3118.3750000000005;2305.875;2305.875;10458
NAUTICO BUCHARDO A;3065.4;2418.9750000000004;2418.9750000000004;2548.9750000000004;10452
VELEZ SARSFIELD A;3173.95;2411.175;2523.95;2326.35;10435
COMUNICACIONES A;2153.775;3096.275;2803.775;2348.775;10403
PEDRO ECHAGUE A;2561.0;2593.5;2561.0;2561.0;10276
CLUB TRES DE FEBRERO A;3051.75;2954.25;2824.25;1329.25;10160
CEDEM;2708.225;2448.225;2708.225;2285.7250000000004;10150
VICTORIA A;2707.575;2613.65;2548.65;2256.15;10126
BERAZATEGUI;2683.2;2358.2;2683.2;2358.2;10083
HARRODS GATH Y CHAVES;2409.875;2734.875;2442.375;2377.375;9964
EL PALOMAR;2756.0;1983.15;2600.65;2535.65;9875
CLUB CEPA;2109.25;2271.75;2759.25;2629.25;9770
CAÑUELAS FC;3073.8500000000004;1611.35;2196.3500000000004;2813.8500000000004;9695
PINOCHO A;2600.0;2632.5;2095.275;2340.0;9668
PRESIDENTE DERQUI;1933.75;2876.25;2746.25;2063.75;9620
MORENO DE QUILMES;2299.375;2526.875;2364.375;2331.875;9522
ARQUITECTURA A;2731.95;1951.95;2244.45;2504.45;9433
ESTUDIANTIL PORTEÑO A;2161.575;2096.575;2714.075;2324.075;9296
ATENEO POPULAR VERSAILLES;2016.625;2351.375;2309.125;2601.625;9279
VELEZ SARSFIELD B;2522.65;2457.65;2360.15;1872.65;9213
ITALIANO B;1612.65;2516.8;2581.8;2484.3;9196
CLUB ATENEO INGENIERO RAVER;2024.425;2739.425;2219.425;2185.625;9169
SPORTIVO HAEDO;2419.3;1789.125;2569.125;2309.125;9087
CIUDAD DE BUENOS AIRES A;2276.625;2309.125;2536.625;1951.625;9074
GIMNASIA Y ESGRIMA DE ITUZAINGO A;2298.075;2200.575;2265.575;2298.075;9062
ARGENTINO DE CASTELAR A;2589.275;2686.7749999999996;2264.2749999999996;1516.775;9057
GIMNASIA Y ESGRIMA DE LOMAS DE ZAMORA A;2040.6750000000002;2105.675;2398.175;2495.675;9040
NAUTICO HACOAJ A;2522.0;1904.5;2262.0;2327.0;9016
PLATENSE MARRON;2115.7500000000005;2635.75;2115.75;2148.25;9016
INSTITUCION SARMIENTO A;1999.725;2162.225;2584.725;2259.725;9006
DEFENSORES DE HURLINGHAM A;2584.725;1869.725;2389.725;2162.225;9006
DEPORTIVO SAN ANDRES;2342.925;2635.425;1530.425;2440.425;8949
GEVP A;2426.125;1873.625;2198.625;2426.125;8924
JOSE HERNANDEZ A;2211.625;1854.125;2179.125;2634.125;8879
SPORTIVO ESCOBAR;2845.05;1707.55;2552.55;1740.0500000000002;8845
VILLA MITRE;2634.125;2211.625;2244.125;1733.875;8824
BURZACO FC A;2487.2250000000004;1804.7250000000001;2008.825;2487.2250000000004;8788
TEMPERLEY;2196.675;2391.675;2034.1750000000002;2164.175;8787
BANCO PROVINCIA A;2055.625;1828.125;2608.125;2250.625;8742
C.A.S.A PADUA B;2323.1000000000004;2525.25;1810.25;2070.25;8729
CLUB ATLETICO BERNAL;2212.6000000000004;2180.1000000000004;2082.6000000000004;2245.1000000000004;8720
MONTE GRANDE A;2268.175;1975.6750000000002;2463.175;2008.1750000000002;8715
CLUB ATLETICO PILAR;1390.3500000000001;2560.3500000000004;1812.85;2820.3500000000004;8584
COLEGIALES A;1536.275;2413.775;2186.275;2446.275;8583
RACING CLUB;1286.675;2489.175;2456.675;2294.175;8527
FERROCARRIL OESTE B;2311.4;2181.4;2343.9;1661.3999999999999;8498
SOCIAL BECCAR A;1817.725;2110.2250000000004;2402.725;2110.225;8441
SITAS A;2436.525;1559.025;2501.525;1916.525;8414
LAS HERAS A;1452.4250000000002;2329.925;2037.4250000000002;2589.925;8410
SOCIAL LANUS;2241.525;1331.525;2566.525;2079.025;8219
CIUDAD DE BUENOS AIRES B;1907.4250000000002;1907.4250000000002;2557.425;1777.4250000000002;8150
LOBOS ATHLETIC CLUB;1281.475;2841.4750000000004;1996.4750000000004;2028.9750000000004;8148
UNION FLORIDA;1579.5;2327.0;1937.0;2262.0;8106
VILLA ESPAÑA;2447.575;2155.075;1797.575;1537.575;7938
PORTEÑO ATLETICO CLUB B;2680.925;2395.575;1680.575;1128.075;7885
CLUB ATLETICO HURACAN DE PARQUE PATRICIOS;1903.2;1383.2;2650.7;1903.2;7840
SAN FERNANDO;2295.15;1944.8000000000002;1684.8000000000002;1912.3000000000002;7837
PORTEÑO ATHLETIC CLUB A;2233.075;2265.575;1745.575;1583.075;7827
SAN FERNANDO A;2226.25;1771.2500000000002;2031.2500000000002;1771.25;7800
SAN MIGUEL B;2182.05;2019.5500000000002;1922.0500000000002;1597.05;7721
JOSE HERNANDEZ B;2321.8;1795.9499999999998;1925.9500000000003;1665.9500000000003;7710
DEFENSORES DE SANTOS LUGARES;2249.325;1891.825;1507.6750000000002;2027.6750000000002;7676
INDEPENDIENTE DE BURZACO;2268.5;1911.0;1618.5;1878.5;7676
BANCO NACION A;2273.05;1915.5500000000002;1948.0500000000002;1525.5500000000002;7662
GIMNASIA Y ESGRIMA DE LOMAS DE ZAMORA B;1352.325;2229.825;1514.825;2554.825;7652
COOPERARIOS;2694.9;2012.4;1362.4;1557.4;7627
DEFENSORES DE GLEW;2048.8;1333.8000000000002;1723.8000000000002;2503.8;7610
MORON B;1448.2;2260.7;2195.7;1675.7;7580
INDEPENDIENTE A;2116.725;1401.725;1726.725;2311.7250000000004;7557
RACING ANEXO;2924.675;2230.475;897.975;1482.975;7536
BELLA VISTA;1493.0500000000002;2598.05;1818.0500000000002;1558.0500000000002;7467
LUZ Y ARTE;2056.925;1569.4250000000002;1504.4250000000002;2316.925;7448
LOS INDIOS DE MORENO A;2134.275;1711.775;1776.775;1809.275;7432
MIDLAND;1986.4;1433.9;1368.9;2636.4;7426
GUILLON BASQUET;854.425;2446.925;1829.4250000000002;2284.425;7415
NOLTING;2124.2;1441.6999999999998;1799.1999999999998;2026.6999999999998;7392
EL TALAR;1725.75;1888.25;1725.75;2050.75;7390
CIUDADELA NORTE;2189.8500000000004;1104.6750000000002;2014.6750000000002;2079.675;7389
MUNICIPALIDAD DE HURLINGHAM;2927.275;2004.6;737.1000000000001;1712.1;7381
JUVENCIA;2766.7250000000004;1460.875;1753.3750000000002;1395.875;7377
BANADE A;2207.725;1785.2250000000001;1232.7250000000001;2110.225;7336
DEFENSORES DE BANFIELD;1694.5500000000002;2279.55;1922.0500000000002;1434.5500000000002;7331
UNIVERSIDAD DE LA MATANZA;1795.9500000000003;1925.95;1665.95;1925.9500000000003;7314
UNION VECINAL DE MUNRO;2071.55;1324.05;1681.5500000000002;2174.9;7252
COPELLO;2211.95;1464.45;1561.95;1984.45;7223
ARQUITECTURA B;2185.625;1633.125;1275.625;2088.125;7182
SPORTIVO VILLA BALLESTER;2110.55;1785.55;1558.05;1720.55;7175
17 DE AGOSTO;2711.4750000000004;956.4750000000001;2028.9750000000001;1438.45;7135
DEFENSORES DE MORENO A;2264.275;834.2750000000001;1711.775;2296.775;7107
ALL BOYS A;1661.4;1336.4;2116.4;1986.4;7101
UNITARIOS DE MARCOS PAZ;1456.65;1521.65;1814.15;2301.65;7094
U.V.V.ADELINA;1421.55;2039.0500000000002;1681.55;1909.05;7051
CLARIDAD;1483.625;1321.125;1841.125;2361.125;7007
HURACAN DE SAN JUSTO A;1272.0500000000002;2474.55;1954.5500000000002;1272.0500000000002;6973
PLATENSE;1877.85;1783.9250000000002;1686.4250000000002;1588.9250000000002;6937
ARGENTINO DE CASTELAR B;1620.125;1860.625;1568.125;1860.625;6910
WILDE SPORTING;1759.225;1401.725;1791.7250000000001;1954.225;6907
CLUB SOCIAL Y DEPORTIVO ARENAL;2330.25;1680.25;1485.25;1355.25;6851
LANUS B;1384.5;1807.0;2002.0;1612.0;6806
SPORTIVO ALSINA;1112.15;1632.15;1989.65;2054.65;6789
TALLERES;708.5;1098.5;2593.5;2366.0;6766
ARGENTINOS JUNIORS;2113.8;1821.3000000000002;1691.3000000000002;1138.8;6765
IMPERIO B;1595.75;1947.4;2012.4;1167.4;6723
ARMENIA;1530.425;1920.425;1627.925;1595.425;6674
UNION VILLEGAS;1936.3500000000001;1806.3500000000001;1611.35;1253.8500000000001;6608
ESTUDIANTIL PORTEÑO B;1348.425;2258.425;1877.525;1065.025;6549
BOCA JUNIORS B;1506.375;1408.875;1733.875;1896.375;6546
GEVP B;1335.4250000000002;1855.4250000000002;1660.4250000000002;1660.4250000000002;6512
MACABI;1966.575;991.575;1966.5750000000003;1576.575;6501
OLIMPO A;1544.725;1479.725;1967.2250000000001;1479.725;6471
DEP. MORON A;1414.075;1804.075;1446.575;1804.075;6469
LOS ANDES;2032.5500000000002;1675.0500000000002;1050.4;1707.5500000000002;6466
VARELA JRS;1391.9750000000001;2301.9750000000004;1586.9750000000001;1164.4750000000001;6445
COUNTRY BANFIELD A;1902.5500000000002;1350.0500000000002;1577.5500000000002;1610.0500000000002;6440
CIRCULO URQUIZA A;1565.5249999999999;2053.0249999999996;1175.525;1598.0249999999999;6392
CENTRO GALICIA;1963.9750000000001;1378.975;1346.475;1671.4750000000001;6361
PEDRO ECHAGUE B;1767.025;1462.825;1365.325;1755.325;6350
CENTRO ESPAÑOL;1820.325;1300.325;1982.825;1235.325;6339
MUNICIPALIDAD DE AVELLANEDA;1887.275;1237.275;1497.275;1594.775;6217
PINOCHO B;1613.95;1483.9500000000003;1613.9500000000003;1494.6750000000002;6207
CLUB  ATLETICO Y PROGRESO DE BRANDSEN;1330.875;1493.375;1980.875;1395.875;6201
PASO DEL REY;1327.95;1035.45;1262.95;2562.9500000000003;6189
GIMNASIA Y ESGRIMA DE LA PLATA B;1790.4250000000002;2147.925;1335.4250000000002;880.425;6154
GIMNASIA Y ESGRIMA DE ITUZAINGO B;1542.45;1087.45;2127.45;1379.95;6137
CLUB TRES DE FEBRERO B;1573.975;1801.475;1378.975;1346.475;6101
COLON FC;1333.15;1560.65;1430.65;1755.65;6080
CLUB EL FOGON;1483.9500000000003;1483.9500000000003;1743.95;1353.95;6066
HEBRAICA;1857.375;1402.375;784.875;2019.875;6064
NAUTICO BUCHARDO B;1395.5500000000002;1552.2000000000003;1032.2;2072.2000000000003;6052
CLUB ATLETICO PAMPERO;1839.5;799.5;1774.5;1612.0;6026
ARGENTINO DE CASTELAR C;1858.675;1163.5;1261.0;1716.0;5999
LOS INDIOS DE MORENO B;1652.625;1717.625;1587.625;1035.125;5993
DEPORTIVO CROVARA A;1575.275;1542.775;1542.775;1282.775;5944
ATLETICO BOULOGNE;2397.8500000000004;873.9250000000001;1036.4250000000002;1491.4250000000002;5800
ESTRELLA DE BOEDO;1336.075;1596.075;1531.075;1336.0749999999998;5799
INSTITUCION SARMIENTO B;1054.3;1086.8;1964.3;1671.8;5777
COMUNICACIONES B;1352.0;1904.5;1514.5000000000002;962.0;5733
DEPORTIVO CROVARA B;2609.75;1070.5500000000002;1330.5500000000002;713.0500000000001;5724
CLUB PORTUGUES DEL GRAN BUENOS AIRES;1388.075;2428.0750000000003;868.075;1030.575;5715
ALDO BONZI;1990.3000000000002;548.6;1686.1000000000001;1458.6;5684
JUVENTUD UNIDA;1890.85;1370.85;1435.85;915.85;5613
MONTE GRANDE B;1334.45;1106.95;1626.9500000000003;1399.45;5468
COOPERATIVA TORTUGUITAS;1084.525;1312.025;1669.525;1377.025;5443
BANCO NACION B;1472.9;1053.975;1703.975;1086.475;5317
COLEGIALES B;918.45;1508.975;1443.975;1378.975;5250
SAN LORENZO;741.325;1326.3249999999998;1488.825;1618.8249999999998;5175
A.F.A.L.P. A;1191.125;1418.625;1223.625;1256.125;5090
INDEPENDIENTE DE ESCOBAR;1035.45;1782.95;1360.45;905.45;5084
LEANDRO N ALEM;1119.3;1054.3;1054.3;1801.8;5030
CAZA Y PESCA B;931.1250000000001;866.125;2036.125;1191.125;5024
YUPANQUI;1217.775;1282.775;1250.275;1217.775;4969
TAMBEROS UNIDOS;1595.1;1237.6;1042.6;1075.1;4950
COUNTRY BANFIELD B;932.1000000000001;1972.1000000000001;1224.6000000000001;802.0999999999999;4931
NAUTICO HACOAJ;994.175;1414.725;1479.725;1017.25;4906
CLUB TRES DE FEBRERO C;2057.575;1248.65;761.15;696.15;4764
UNIVERSIDAD DE BUENOS AIRES;-586.95;1684.8000000000002;1587.3000000000002;2042.3000000000002;4727
DEFENSORES DE HURLINGHAM B;1267.175;974.675;909.675;1559.675;4711
SOCIAL BECCAR B;651.625;1139.125;879.125;2016.625;4686
HURACAN DE SAN JUSTO B;-230.75;1545.0500000000002;1675.0500000000002;1577.5500000000002;4567
ALL BOYS DE SAAVEDRA;660.4;1017.9;1147.9;1732.9;4559
SPORTIVO PILAR B;816.075;946.075;1173.575;1498.575;4434
CLUB SOCIAL EZEIZA;1066.9750000000001;1066.9750000000001;1099.4750000000001;1131.975;4365
CLUB ATLETICO 9 DE JULIO DE LANUS;1552.525;1065.025;740.025;935.0250000000001;4293
RAMOS MEJIA LTC;65.64999999999999;1777.75;770.25;1550.25;4164
EL PORVENIR JOSE C. PAZ;1076.4;1011.4000000000001;1011.4000000000001;1043.9;4143
PINOCHO C;927.2250000000001;1122.2250000000001;1187.2250000000001;829.7250000000001;4066
ITALIANO DE JOSE C PAZ;1200.875;278.20000000000005;1285.6999999999998;1058.2;3823
VICTORIA B;975.65;943.1500000000001;1138.15;748.1500000000001;3805
FERROCARRIL OESTE C;1301.625;580.45;937.95;937.95;3758
DEP. MORON B;847.925;880.425;912.925;945.425;3587
SAN MIGUEL A;684.775;1042.275;944.775;814.775;3487
LA UNION;720.8499999999999;850.85;720.85;1143.35;3436
TAPONAZO  FUTBOL CLUB;797.2250000000001;797.2250000000001;569.725;1154.725;3319
GIMNASIA Y ESGRIMA DE ITUZAINGO C;1214.85;227.175;1202.175;649.675;3294
ALL BOYS B;820.3;527.8;527.8;722.8;2599
SITAS B;609.7;-202.8;609.7;642.2;1659
NUEVA CHICAGO;-976.95;533.0;338.0;1313.0;1207
