anio,categoria_ges,categoria,fase_ges,fase,ronda_fase,nivel_fase,zona_fase,grupo_ges,grupo_nivel,grupo_zona,grupo_grupo
2025,LIGA PROXIMO MASCULINO,LIGA PROXIMO MASCULINO,FINAL FOUR 3,Desconocida,Desconocida,Desconocido,Desconocida,OESTE/NORTE-CENTTRO/SUR,NIVELACION,Desconocido,Desconocido
2025,LIGA PROXIMO MASCULINO,LIGA PROXIMO MASCULINO,FINAL FOUR 2,Desconocida,Desconocida,Desconocido,Desconocida,NORTE/OESTE.SUR/CENTRO,NIVELACION,Desconocido,Desconocido
2025,LIGA PROXIMO MASCULINO,LIGA PROXIMO MASCULINO,INTERCONFERENCIAS,Desconocida,Desconocida,Desconocido,Desconocida,INTERCONFERENCIA A,NIVELACION,Desconocido,Desconocido
2025,LIGA PROXIMO MASCULINO,LIGA PROXIMO MASCULINO,INTERCONFERENCIAS,Desconocida,Desconocida,Desconocido,Desconocida,INTERCONFERENCIA B,NIVELACION,Desconocido,Desconocido
2025,LIGA PROXIMO MASCULINO,LIGA PROXIMO MASCULINO,TRIANGULAR FINAL,Desconocida,Desconocida,Desconocido,Desconocida,SUR ABC 2,NIVELACION,Desconocido,Desconocido
2025,LIGA PROXIMO MASCULINO,LIGA PROXIMO MASCULINO,FINAL FOUR 2,Desconocida,Desconocida,Desconocido,Desconocida,NORTE/AB-OESTE AB,NIVELACION,Desconocido,Desconocido
2025,LIGA PROXIMO MASCULINO,LIGA PROXIMO MASCULINO,FINAL FOUR 1,Desconocida,Desconocida,Desconocido,Desconocida,FINAL FOUR 1 OESTE/NORTE - SUR/CENTRO,NIVELACION,Desconocido,Desconocido
2025,LIGA PROXIMO MASCULINO,LIGA PROXIMO MASCULINO,NIVEL SUR 2C,Desconocida,Desconocida,Desconocido,Desconocida,SUR 2C,NIVELACION,Desconocido,Desconocido
2025,LIGA PROXIMO MASCULINO,LIGA PROXIMO MASCULINO,NIVEL SUR 2B,Desconocida,Desconocida,Desconocido,Desconocida,ÚNICO,NIVELACION,Desconocido,Desconocido
2025,LIGA PROXIMO MASCULINO,LIGA PROXIMO MASCULINO,NIVEL SUR 2A,Desconocida,Desconocida,Desconocido,Desconocida,SUR 2A,NIVELACION,Desconocido,Desconocido
2025,LIGA PROXIMO MASCULINO,LIGA PROXIMO MASCULINO,NIVEL OESTE 2B,Desconocida,Desconocida,Desconocido,Desconocida,OESTE 2B,NIVELACION,Desconocido,Desconocido
2025,LIGA PROXIMO MASCULINO,LIGA PROXIMO MASCULINO,NIVEL OESTE 2A,Desconocida,Desconocida,Desconocido,Desconocida,OESTE 2A,NIVELACION,Desconocido,Desconocido
2025,LIGA PROXIMO MASCULINO,LIGA PROXIMO MASCULINO,NIVEL NORTE 2B,Desconocida,Desconocida,Desconocido,Desconocida,NORTE 2B,NIVELACION,Desconocido,Desconocido
2025,LIGA PROXIMO MASCULINO,LIGA PROXIMO MASCULINO,NIVEL NORTE 2A,Desconocida,Desconocida,Desconocido,Desconocida,NORTE 2A,NIVELACION,Desconocido,Desconocido
2025,LIGA PROXIMO MASCULINO,LIGA PROXIMO MASCULINO,NIVEL 3,Desconocida,Desconocida,Desconocido,Desconocida,SUR 3,NIVELACION,Desconocido,Desconocido
2025,LIGA PROXIMO MASCULINO,LIGA PROXIMO MASCULINO,NIVEL 3,Desconocida,Desconocida,Desconocido,Desconocida,OESTE 3,NIVELACION,Desconocido,Desconocido
2025,LIGA PROXIMO MASCULINO,LIGA PROXIMO MASCULINO,NIVEL 3,Desconocida,Desconocida,Desconocido,Desconocida,NORTE 3,NIVELACION,Desconocido,Desconocido
2025,LIGA PROXIMO MASCULINO,LIGA PROXIMO MASCULINO,NIVEL 3,Desconocida,Desconocida,Desconocido,Desconocida,CENTRO 3,NIVELACION,Desconocido,Desconocido
2025,LIGA PROXIMO MASCULINO,LIGA PROXIMO MASCULINO,NIVEL 2,Desconocida,Desconocida,Desconocido,Desconocida,CENTRO 2,NIVELACION,Desconocido,Desconocido
2025,LIGA PROXIMO MASCULINO,LIGA PROXIMO MASCULINO,NIVEL 1,Desconocida,Desconocida,Desconocido,Desconocida,OESTE 1,NIVELACION,Desconocido,Desconocido
2025,LIGA PROXIMO MASCULINO,LIGA PROXIMO MASCULINO,NIVEL 1,Desconocida,Desconocida,Desconocido,Desconocida,CENTRO,NIVELACION,Desconocido,Desconocido
2025,LIGA PROXIMO MASCULINO,LIGA PROXIMO MASCULINO,NIVEL 1,Desconocida,Desconocida,Desconocido,Desconocida,SUR 1,NIVELACION,Desconocido,Desconocido
2025,LIGA PROXIMO MASCULINO,LIGA PROXIMO MASCULINO,NIVEL 1,Desconocida,Desconocida,Desconocido,Desconocida,NORTE 1,NIVELACION,Desconocido,Desconocido
2025,LIGA PROXIMO MASCULINO,LIGA PROXIMO MASCULINO,INTERCONFERENCIA B,Desconocida,Desconocida,Desconocido,Desconocida,LLAVE 2,NIVELACION,Desconocido,Desconocido
2025,LIGA PROXIMO MASCULINO,LIGA PROXIMO MASCULINO,INTERCONFERENCIA B,Desconocida,Desconocida,Desconocido,Desconocida,LLAVE 1,NIVELACION,Desconocido,Desconocido
2025,LIGA PROXIMO MASCULINO,LIGA PROXIMO MASCULINO,INTERCONFERENCIA A,Desconocida,Desconocida,Desconocido,Desconocida,LLAVE 2,NIVELACION,Desconocido,Desconocido
2025,LIGA PROXIMO MASCULINO,LIGA PROXIMO MASCULINO,INTERCONFERENCIA A,Desconocida,Desconocida,Desconocido,Desconocida,LLAVE 1,NIVELACION,Desconocido,Desconocido
2025,LIGA PROXIMO MASCULINO,LIGA PROXIMO MASCULINO,2do SEMESTRE,Desconocida,Desconocida,Desconocido,Desconocida,INTERCONFERENCIAS A1,NIVELACION,Desconocido,Desconocido
2025,LIGA PROXIMO MASCULINO,LIGA PROXIMO MASCULINO,2do SEMESTRE,Desconocida,Desconocida,Desconocido,Desconocida,INTERCONFERENCIAS A2,NIVELACION,Desconocido,Desconocido
2025,LIGA PROXIMO MASCULINO,LIGA PROXIMO MASCULINO,2do SEMESTRE,Desconocida,Desconocida,Desconocido,Desconocida,INTERCONFERENCIAS A 3,NIVELACION,Desconocido,Desconocido
2025,LIGA PROXIMO MASCULINO,LIGA PROXIMO MASCULINO,2do SEMESTRE,Desconocida,Desconocida,Desconocido,Desconocida,INTERCONFERENCIAS A 4,NIVELACION,Desconocido,Desconocido
2025,LIGA PROXIMO MASCULINO,LIGA PROXIMO MASCULINO,2do SEMESTRE,Desconocida,Desconocida,Desconocido,Desconocida,INTERCONFERENCIAS B1,NIVELACION,Desconocido,Desconocido
2025,LIGA PROXIMO MASCULINO,LIGA PROXIMO MASCULINO,2do SEMESTRE,Desconocida,Desconocida,Desconocido,Desconocida,INTERCONFERENCIAS B 2,NIVELACION,Desconocido,Desconocido
2025,LIGA PROXIMO MASCULINO,LIGA PROXIMO MASCULINO,2do SEMESTRE,Desconocida,Desconocida,Desconocido,Desconocida,INTERCONFERENCIAS B 3,NIVELACION,Desconocido,Desconocido
2025,LIGA PROXIMO MASCULINO,LIGA PROXIMO MASCULINO,2do SEMESTRE,Desconocida,Desconocida,Desconocido,Desconocida,INTERCONFERNCIAS B 4,NIVELACION,Desconocido,Desconocido
2025,LIGA PROXIMO MASCULINO,LIGA PROXIMO MASCULINO,2do SEMESTRE,Desconocida,Desconocida,Desconocido,Desconocida,CENTRO 1,NIVELACION,Desconocido,Desconocido
2025,LIGA PROXIMO MASCULINO,LIGA PROXIMO MASCULINO,2do SEMESTRE,Desconocida,Desconocida,Desconocido,Desconocida,NORTE 1,NIVELACION,Desconocido,Desconocido
2025,LIGA PROXIMO MASCULINO,LIGA PROXIMO MASCULINO,2do SEMESTRE,Desconocida,Desconocida,Desconocido,Desconocida,SUR 1,NIVELACION,Desconocido,Desconocido
2025,LIGA PROXIMO MASCULINO,LIGA PROXIMO MASCULINO,2do SEMESTRE,Desconocida,Desconocida,Desconocido,Desconocida,OESTE 1,NIVELACION,Desconocido,Desconocido
2025,LIGA PROXIMO MASCULINO,LIGA PROXIMO MASCULINO,2do SEMESTRE,Desconocida,Desconocida,Desconocido,Desconocida,CENTRO 2,NIVELACION,Desconocido,Desconocido
2025,LIGA PROXIMO MASCULINO,LIGA PROXIMO MASCULINO,2do SEMESTRE,Desconocida,Desconocida,Desconocido,Desconocida,NORTE 2 A,NIVELACION,Desconocido,Desconocido
2025,LIGA PROXIMO MASCULINO,LIGA PROXIMO MASCULINO,2do SEMESTRE,Desconocida,Desconocida,Desconocido,Desconocida,NORTE 2 B,NIVELACION,Desconocido,Desconocido
2025,LIGA PROXIMO MASCULINO,LIGA PROXIMO MASCULINO,2do SEMESTRE,Desconocida,Desconocida,Desconocido,Desconocida,SUR 2 A,NIVELACION,Desconocido,Desconocido
2025,LIGA PROXIMO MASCULINO,LIGA PROXIMO MASCULINO,2do SEMESTRE,Desconocida,Desconocida,Desconocido,Desconocida,SUR 2 B,NIVELACION,Desconocido,Desconocido
2025,LIGA PROXIMO MASCULINO,LIGA PROXIMO MASCULINO,2do SEMESTRE,Desconocida,Desconocida,Desconocido,Desconocida,SUR 2 C,NIVELACION,Desconocido,Desconocido
2025,LIGA PROXIMO MASCULINO,LIGA PROXIMO MASCULINO,2do SEMESTRE,Desconocida,Desconocida,Desconocido,Desconocida,OESTE 2 A,NIVELACION,Desconocido,Desconocido
2025,LIGA PROXIMO MASCULINO,LIGA PROXIMO MASCULINO,2do SEMESTRE,Desconocida,Desconocida,Desconocido,Desconocida,OESTE 2 B,NIVELACION,Desconocido,Desconocido
2025,LIGA PROXIMO MASCULINO,LIGA PROXIMO MASCULINO,2do SEMESTRE,Desconocida,Desconocida,Desconocido,Desconocida,CENTRO 3,NIVELACION,Desconocido,Desconocido
2025,LIGA PROXIMO MASCULINO,LIGA PROXIMO MASCULINO,2do SEMESTRE,Desconocida,Desconocida,Desconocido,Desconocida,NORTE 3,NIVELACION,Desconocido,Desconocido
2025,LIGA PROXIMO MASCULINO,LIGA PROXIMO MASCULINO,2do SEMESTRE,Desconocida,Desconocida,Desconocido,Desconocida,OESTE 3,NIVELACION,Desconocido,Desconocido
2025,LIGA PROXIMO MASCULINO,LIGA PROXIMO MASCULINO,2do SEMESTRE,Desconocida,Desconocida,Desconocido,Desconocida,SUR 3,NIVELACION,Desconocido,Desconocido
2025,LIGA PROXIMO MASCULINO,LIGA PROXIMO MASCULINO,CLASIFICACION LFF,Desconocida,Desconocida,Desconocido,Desconocida,sur,NIVELACION,Desconocido,Desconocido
2025,LIGA PROXIMO MASCULINO,LIGA PROXIMO MASCULINO,CLASIFICACION LFF,Desconocida,Desconocida,Desconocido,Desconocida,OESTE,NIVELACION,Desconocido,Desconocido
2025,LIGA PROXIMO MASCULINO,LIGA PROXIMO MASCULINO,CLASIFICACION LFF,Desconocida,Desconocida,Desconocido,Desconocida,CENTRO,NIVELACION,Desconocido,Desconocido
2025,LIGA PROXIMO MASCULINO,LIGA PROXIMO MASCULINO,CLASIFICACION LFF,Desconocida,Desconocida,Desconocido,Desconocida,NORTE,NIVELACION,Desconocido,Desconocido
2025,LIGA PROXIMO MASCULINO,LIGA PROXIMO MASCULINO,1er ETAPA LFF,Fase Regular,Copa Febamba,NIVELACION,Desconocida,SUR 1,NIVELACION,SUR,1
2025,LIGA PROXIMO MASCULINO,LIGA PROXIMO MASCULINO,1er ETAPA LFF,Fase Regular,Copa Febamba,NIVELACION,Desconocida,SUR 2,NIVELACION,SUR,2
2025,LIGA PROXIMO MASCULINO,LIGA PROXIMO MASCULINO,1er ETAPA LFF,Fase Regular,Copa Febamba,NIVELACION,Desconocida,SUR 3,NIVELACION,SUR,3
2025,LIGA PROXIMO MASCULINO,LIGA PROXIMO MASCULINO,1er ETAPA LFF,Fase Regular,Copa Febamba,NIVELACION,Desconocida,SUR 4,NIVELACION,SUR,4
2025,LIGA PROXIMO MASCULINO,LIGA PROXIMO MASCULINO,1er ETAPA LFF,Fase Regular,Copa Febamba,NIVELACION,Desconocida,SUR 5,NIVELACION,SUR,5
2025,LIGA PROXIMO MASCULINO,LIGA PROXIMO MASCULINO,1er ETAPA LFF,Fase Regular,Copa Febamba,NIVELACION,Desconocida,SUR 6,NIVELACION,SUR,6
2025,LIGA PROXIMO MASCULINO,LIGA PROXIMO MASCULINO,1er ETAPA LFF,Fase Regular,Copa Febamba,NIVELACION,Desconocida,SUR 7,NIVELACION,SUR,7
2025,LIGA PROXIMO MASCULINO,LIGA PROXIMO MASCULINO,1er ETAPA LFF,Fase Regular,Copa Febamba,NIVELACION,Desconocida,NORTE 1,NIVELACION,NORTE,1
2025,LIGA PROXIMO MASCULINO,LIGA PROXIMO MASCULINO,1er ETAPA LFF,Fase Regular,Copa Febamba,NIVELACION,Desconocida,NORTE 2,NIVELACION,NORTE,2
2025,LIGA PROXIMO MASCULINO,LIGA PROXIMO MASCULINO,1er ETAPA LFF,Fase Regular,Copa Febamba,NIVELACION,Desconocida,NORTE 3,NIVELACION,NORTE,3
2025,LIGA PROXIMO MASCULINO,LIGA PROXIMO MASCULINO,1er ETAPA LFF,Fase Regular,Copa Febamba,NIVELACION,Desconocida,NORTE 4,NIVELACION,NORTE,4
2025,LIGA PROXIMO MASCULINO,LIGA PROXIMO MASCULINO,1er ETAPA LFF,Fase Regular,Copa Febamba,NIVELACION,Desconocida,NORTE 5,NIVELACION,NORTE,5
2025,LIGA PROXIMO MASCULINO,LIGA PROXIMO MASCULINO,1er ETAPA LFF,Fase Regular,Copa Febamba,NIVELACION,Desconocida,NORTE 6,NIVELACION,NORTE,6
2025,LIGA PROXIMO MASCULINO,LIGA PROXIMO MASCULINO,1er ETAPA LFF,Fase Regular,Copa Febamba,NIVELACION,Desconocida,CENTRO 1,NIVELACION,CENTRO,1
2025,LIGA PROXIMO MASCULINO,LIGA PROXIMO MASCULINO,1er ETAPA LFF,Fase Regular,Copa Febamba,NIVELACION,Desconocida,CENTRO 2,NIVELACION,CENTRO,2
2025,LIGA PROXIMO MASCULINO,LIGA PROXIMO MASCULINO,1er ETAPA LFF,Fase Regular,Copa Febamba,NIVELACION,Desconocida,CENTRO 3,NIVELACION,CENTRO,3
2025,LIGA PROXIMO MASCULINO,LIGA PROXIMO MASCULINO,1er ETAPA LFF,Fase Regular,Copa Febamba,NIVELACION,Desconocida,CENTRO OESTE 4,NIVELACION,CENTRO OESTE,4
2025,LIGA PROXIMO MASCULINO,LIGA PROXIMO MASCULINO,1er ETAPA LFF,Fase Regular,Copa Febamba,NIVELACION,Desconocida,CENTRO OESTE 5,NIVELACION,CENTRO OESTE,5
2025,LIGA PROXIMO MASCULINO,LIGA PROXIMO MASCULINO,1er ETAPA LFF,Fase Regular,Copa Febamba,NIVELACION,Desconocida,CENTRO OESTE  6,NIVELACION,CENTRO OESTE,6
2025,LIGA PROXIMO MASCULINO,LIGA PROXIMO MASCULINO,1er ETAPA LFF,Fase Regular,Copa Febamba,NIVELACION,Desconocida,OESTE 1,NIVELACION,OESTE,1
2025,LIGA PROXIMO MASCULINO,LIGA PROXIMO MASCULINO,1er ETAPA LFF,Fase Regular,Copa Febamba,NIVELACION,Desconocida,OESTE 2,NIVELACION,OESTE,2
2025,LIGA PROXIMO MASCULINO,LIGA PROXIMO MASCULINO,1er ETAPA LFF,Fase Regular,Copa Febamba,NIVELACION,Desconocida,OESTE 3,NIVELACION,OESTE,3
2025,LIGA PROXIMO MASCULINO,LIGA PROXIMO MASCULINO,1er ETAPA LFF,Fase Regular,Copa Febamba,NIVELACION,Desconocida,OESTE 4,NIVELACION,OESTE,4
2025,LIGA PROXIMO MASCULINO,LIGA PROXIMO MASCULINO,1er ETAPA LFF,Fase Regular,Copa Febamba,NIVELACION,Desconocida,OESTE 5,NIVELACION,OESTE,5
2025,LIGA PROXIMO MASCULINO,LIGA PROXIMO MASCULINO,1er ETAPA LFF,Fase Regular,Copa Febamba,NIVELACION,Desconocida,OESTE 6,NIVELACION,OESTE,6
2025,JUVENILES MASCULINO,JUVENILES MASCULINO,FINAL FOUR 3,Desconocida,Desconocida,Desconocido,Desconocida,OESTE/NORTE-CENTTRO/SUR,NIVELACION,Desconocido,Desconocido
2025,JUVENILES MASCULINO,JUVENILES MASCULINO,FINAL FOUR 2,Desconocida,Desconocida,Desconocido,Desconocida,NORTE/OESTE-CENTRO/SUR,NIVELACION,Desconocido,Desconocido
2025,JUVENILES MASCULINO,JUVENILES MASCULINO,INTERCONFERENCIAS,Desconocida,Desconocida,Desconocido,Desconocida,INTERCONFERENCIA A,NIVELACION,Desconocido,Desconocido
2025,JUVENILES MASCULINO,JUVENILES MASCULINO,INTERCONFERENCIAS,Desconocida,Desconocida,Desconocido,Desconocida,INTERCONFERENCIA B,NIVELACION,Desconocido,Desconocido
2025,JUVENILES MASCULINO,JUVENILES MASCULINO,TRIANGULAR FINAL,Desconocida,Desconocida,Desconocido,Desconocida,SUR ABC 2,NIVELACION,Desconocido,Desconocido
2025,JUVENILES MASCULINO,JUVENILES MASCULINO,NORTE AB/OESTE AB,Desconocida,Desconocida,Desconocido,Desconocida,NORTE AB/OESTE AB,NIVELACION,Desconocido,Desconocido
2025,JUVENILES MASCULINO,JUVENILES MASCULINO,FINAL FOUR 1,Desconocida,Desconocida,Desconocido,Desconocida,FINAL FOUR 1 OESTE/NORTE - SUR/CENTRO,NIVELACION,Desconocido,Desconocido
2025,JUVENILES MASCULINO,JUVENILES MASCULINO,NIVEL NORTE 2A,Desconocida,Desconocida,Desconocido,Desconocida,ÚNICO,NIVELACION,Desconocido,Desconocido
2025,JUVENILES MASCULINO,JUVENILES MASCULINO,NIVEL SUR C 2,Desconocida,Desconocida,Desconocido,Desconocida,SUR C 2,NIVELACION,Desconocido,Desconocido
2025,JUVENILES MASCULINO,JUVENILES MASCULINO,NIVEL 2 SUR B,Desconocida,Desconocida,Desconocido,Desconocida,SUR B,NIVELACION,Desconocido,Desconocido
2025,JUVENILES MASCULINO,JUVENILES MASCULINO,NIVEL 2 SUR A,Desconocida,Desconocida,Desconocido,Desconocida,ÚNICOSUR 2 A,NIVELACION,Desconocido,Desconocido
2025,JUVENILES MASCULINO,JUVENILES MASCULINO,NIVEL 2  OESTE B,Desconocida,Desconocida,Desconocido,Desconocida,0ESTE 2 B,NIVELACION,Desconocido,Desconocido
2025,JUVENILES MASCULINO,JUVENILES MASCULINO,NIVEL 2 A OESTE,Desconocida,Desconocida,Desconocido,Desconocida,OESTE 2A,NIVELACION,Desconocido,Desconocido
2025,JUVENILES MASCULINO,JUVENILES MASCULINO,NIVEL 2 NORTE B,Desconocida,Desconocida,Desconocido,Desconocida,NORTE 2B,NIVELACION,Desconocido,Desconocido
2025,JUVENILES MASCULINO,JUVENILES MASCULINO,NIVEL 2 NORTE A,Desconocida,Desconocida,Desconocido,Desconocida,NORTE A,NIVELACION,Desconocido,Desconocido
2025,JUVENILES MASCULINO,JUVENILES MASCULINO,NIVEL 3,Desconocida,Desconocida,Desconocido,Desconocida,OESTE,NIVELACION,Desconocido,Desconocido
2025,JUVENILES MASCULINO,JUVENILES MASCULINO,NIVEL 3,Desconocida,Desconocida,Desconocido,Desconocida,SUR,NIVELACION,Desconocido,Desconocido
2025,JUVENILES MASCULINO,JUVENILES MASCULINO,NIVEL 3,Desconocida,Desconocida,Desconocido,Desconocida,CENTRO,NIVELACION,Desconocido,Desconocido
2025,JUVENILES MASCULINO,JUVENILES MASCULINO,NIVEL 3,Desconocida,Desconocida,Desconocido,Desconocida,NORTE,NIVELACION,Desconocido,Desconocido
2025,JUVENILES MASCULINO,JUVENILES MASCULINO,NIVEL 2,Desconocida,Desconocida,Desconocido,Desconocida,CENTRO 2,NIVELACION,Desconocido,Desconocido
2025,JUVENILES MASCULINO,JUVENILES MASCULINO,PLAY OFF INTERCONFERENCIA A,Desconocida,Desconocida,Desconocido,Desconocida,LLAVE 1,NIVELACION,Desconocido,Desconocido
2025,JUVENILES MASCULINO,JUVENILES MASCULINO,INTERCONFERENCIA A,Desconocida,Desconocida,Desconocido,Desconocida,LLAVE 2,NIVELACION,Desconocido,Desconocido
2025,JUVENILES MASCULINO,JUVENILES MASCULINO,INTERCONFERENCIA B,Desconocida,Desconocida,Desconocido,Desconocida,LLAVE 2,NIVELACION,Desconocido,Desconocido
2025,JUVENILES MASCULINO,JUVENILES MASCULINO,INTERCONFERENCIA B,Desconocida,Desconocida,Desconocido,Desconocida,LLAVE 1,NIVELACION,Desconocido,Desconocido
2025,JUVENILES MASCULINO,JUVENILES MASCULINO,NIVEL 1,Desconocida,Desconocida,Desconocido,Desconocida,SUR,NIVELACION,Desconocido,Desconocido
2025,JUVENILES MASCULINO,JUVENILES MASCULINO,NIVEL 1,Desconocida,Desconocida,Desconocido,Desconocida,OESTE,NIVELACION,Desconocido,Desconocido
2025,JUVENILES MASCULINO,JUVENILES MASCULINO,NIVEL 1,Desconocida,Desconocida,Desconocido,Desconocida,CENTRO,NIVELACION,Desconocido,Desconocido
2025,JUVENILES MASCULINO,JUVENILES MASCULINO,NIVEL 1,Desconocida,Desconocida,Desconocido,Desconocida,NORTE,NIVELACION,Desconocido,Desconocido
2025,JUVENILES MASCULINO,JUVENILES MASCULINO,2do SEMESTRE,Desconocida,Desconocida,Desconocido,Desconocida,INTERCONFERENCIAS A1,NIVELACION,Desconocido,Desconocido
2025,JUVENILES MASCULINO,JUVENILES MASCULINO,2do SEMESTRE,Desconocida,Desconocida,Desconocido,Desconocida,INTERCONFERENCIAS A2,NIVELACION,Desconocido,Desconocido
2025,JUVENILES MASCULINO,JUVENILES MASCULINO,2do SEMESTRE,Desconocida,Desconocida,Desconocido,Desconocida,INTERCONFERENCIAS A 3,NIVELACION,Desconocido,Desconocido
2025,JUVENILES MASCULINO,JUVENILES MASCULINO,2do SEMESTRE,Desconocida,Desconocida,Desconocido,Desconocida,INTERCONFERENCIAS A 4,NIVELACION,Desconocido,Desconocido
2025,JUVENILES MASCULINO,JUVENILES MASCULINO,2do SEMESTRE,Desconocida,Desconocida,Desconocido,Desconocida,INTERCONFERENCIAS B1,NIVELACION,Desconocido,Desconocido
2025,JUVENILES MASCULINO,JUVENILES MASCULINO,2do SEMESTRE,Desconocida,Desconocida,Desconocido,Desconocida,INTERCONFERENCIAS B 2,NIVELACION,Desconocido,Desconocido
2025,JUVENILES MASCULINO,JUVENILES MASCULINO,2do SEMESTRE,Desconocida,Desconocida,Desconocido,Desconocida,INTERCONFERENCIAS B 3,NIVELACION,Desconocido,Desconocido
2025,JUVENILES MASCULINO,JUVENILES MASCULINO,2do SEMESTRE,Desconocida,Desconocida,Desconocido,Desconocida,INTERCONFERNCIAS B 4,NIVELACION,Desconocido,Desconocido
2025,JUVENILES MASCULINO,JUVENILES MASCULINO,2do SEMESTRE,Desconocida,Desconocida,Desconocido,Desconocida,CENTRO 1,NIVELACION,Desconocido,Desconocido
2025,JUVENILES MASCULINO,JUVENILES MASCULINO,2do SEMESTRE,Desconocida,Desconocida,Desconocido,Desconocida,NORTE 1,NIVELACION,Desconocido,Desconocido
2025,JUVENILES MASCULINO,JUVENILES MASCULINO,2do SEMESTRE,Desconocida,Desconocida,Desconocido,Desconocida,SUR 1,NIVELACION,Desconocido,Desconocido
2025,JUVENILES MASCULINO,JUVENILES MASCULINO,2do SEMESTRE,Desconocida,Desconocida,Desconocido,Desconocida,OESTE 1,NIVELACION,Desconocido,Desconocido
2025,JUVENILES MASCULINO,JUVENILES MASCULINO,2do SEMESTRE,Desconocida,Desconocida,Desconocido,Desconocida,CENTRO 2,NIVELACION,Desconocido,Desconocido
2025,JUVENILES MASCULINO,JUVENILES MASCULINO,2do SEMESTRE,Desconocida,Desconocida,Desconocido,Desconocida,NORTE 2 A,NIVELACION,Desconocido,Desconocido
2025,JUVENILES MASCULINO,JUVENILES MASCULINO,2do SEMESTRE,Desconocida,Desconocida,Desconocido,Desconocida,NORTE 2 B,NIVELACION,Desconocido,Desconocido
2025,JUVENILES MASCULINO,JUVENILES MASCULINO,2do SEMESTRE,Desconocida,Desconocida,Desconocido,Desconocida,OESTE 2 A,NIVELACION,Desconocido,Desconocido
2025,JUVENILES MASCULINO,JUVENILES MASCULINO,2do SEMESTRE,Desconocida,Desconocida,Desconocido,Desconocida,OESTE 2 B,NIVELACION,Desconocido,Desconocido
2025,JUVENILES MASCULINO,JUVENILES MASCULINO,2do SEMESTRE,Desconocida,Desconocida,Desconocido,Desconocida,SUR 2 A,NIVELACION,Desconocido,Desconocido
2025,JUVENILES MASCULINO,JUVENILES MASCULINO,2do SEMESTRE,Desconocida,Desconocida,Desconocido,Desconocida,SUR 2 B,NIVELACION,Desconocido,Desconocido
2025,JUVENILES MASCULINO,JUVENILES MASCULINO,2do SEMESTRE,Desconocida,Desconocida,Desconocido,Desconocida,SUR 2 C,NIVELACION,Desconocido,Desconocido
2025,JUVENILES MASCULINO,JUVENILES MASCULINO,2do SEMESTRE,Desconocida,Desconocida,Desconocido,Desconocida,CENTRO 3,NIVELACION,Desconocido,Desconocido
2025,JUVENILES MASCULINO,JUVENILES MASCULINO,2do SEMESTRE,Desconocida,Desconocida,Desconocido,Desconocida,NORTE 3,NIVELACION,Desconocido,Desconocido
2025,JUVENILES MASCULINO,JUVENILES MASCULINO,2do SEMESTRE,Desconocida,Desconocida,Desconocido,Desconocida,OESTE 3,NIVELACION,Desconocido,Desconocido
2025,JUVENILES MASCULINO,JUVENILES MASCULINO,2do SEMESTRE,Desconocida,Desconocida,Desconocido,Desconocida,SUR 3,NIVELACION,Desconocido,Desconocido
2025,JUVENILES MASCULINO,JUVENILES MASCULINO,CLASIFICACION LFF,Desconocida,Desconocida,Desconocido,Desconocida,SUR,NIVELACION,Desconocido,Desconocido
2025,JUVENILES MASCULINO,JUVENILES MASCULINO,CLASIFICACION LFF,Desconocida,Desconocida,Desconocido,Desconocida,NORTE,NIVELACION,Desconocido,Desconocido
2025,JUVENILES MASCULINO,JUVENILES MASCULINO,CLASIFICACION LFF,Desconocida,Desconocida,Desconocido,Desconocida,OESTE,NIVELACION,Desconocido,Desconocido
2025,JUVENILES MASCULINO,JUVENILES MASCULINO,CLASIFICACION LFF,Desconocida,Desconocida,Desconocido,Desconocida,CENTRO,NIVELACION,Desconocido,Desconocido
2025,JUVENILES MASCULINO,JUVENILES MASCULINO,1er ETAPA LFF,Fase Regular,Copa Febamba,NIVELACION,Desconocida,SUR 1,NIVELACION,SUR,1
2025,JUVENILES MASCULINO,JUVENILES MASCULINO,1er ETAPA LFF,Fase Regular,Copa Febamba,NIVELACION,Desconocida,SUR 2,NIVELACION,SUR,2
2025,JUVENILES MASCULINO,JUVENILES MASCULINO,1er ETAPA LFF,Fase Regular,Copa Febamba,NIVELACION,Desconocida,SUR 3,NIVELACION,SUR,3
2025,JUVENILES MASCULINO,JUVENILES MASCULINO,1er ETAPA LFF,Fase Regular,Copa Febamba,NIVELACION,Desconocida,SUR 4,NIVELACION,SUR,4
2025,JUVENILES MASCULINO,JUVENILES MASCULINO,1er ETAPA LFF,Fase Regular,Copa Febamba,NIVELACION,Desconocida,SUR 5,NIVELACION,SUR,5
2025,JUVENILES MASCULINO,JUVENILES MASCULINO,1er ETAPA LFF,Fase Regular,Copa Febamba,NIVELACION,Desconocida,SUR 6,NIVELACION,SUR,6
2025,JUVENILES MASCULINO,JUVENILES MASCULINO,1er ETAPA LFF,Fase Regular,Copa Febamba,NIVELACION,Desconocida,SUR 7,NIVELACION,SUR,7
2025,JUVENILES MASCULINO,JUVENILES MASCULINO,1er ETAPA LFF,Fase Regular,Copa Febamba,NIVELACION,Desconocida,NORTE 1,NIVELACION,NORTE,1
2025,JUVENILES MASCULINO,JUVENILES MASCULINO,1er ETAPA LFF,Fase Regular,Copa Febamba,NIVELACION,Desconocida,NORTE 2,NIVELACION,NORTE,2
2025,JUVENILES MASCULINO,JUVENILES MASCULINO,1er ETAPA LFF,Fase Regular,Copa Febamba,NIVELACION,Desconocida,NORTE 3,NIVELACION,NORTE,3
2025,JUVENILES MASCULINO,JUVENILES MASCULINO,1er ETAPA LFF,Fase Regular,Copa Febamba,NIVELACION,Desconocida,NORTE 4,NIVELACION,NORTE,4
2025,JUVENILES MASCULINO,JUVENILES MASCULINO,1er ETAPA LFF,Fase Regular,Copa Febamba,NIVELACION,Desconocida,NORTE 5,NIVELACION,NORTE,5
2025,JUVENILES MASCULINO,JUVENILES MASCULINO,1er ETAPA LFF,Fase Regular,Copa Febamba,NIVELACION,Desconocida,NORTE 6,NIVELACION,NORTE,6
2025,JUVENILES MASCULINO,JUVENILES MASCULINO,1er ETAPA LFF,Fase Regular,Copa Febamba,NIVELACION,Desconocida,CENTRO 1,NIVELACION,CENTRO,1
2025,JUVENILES MASCULINO,JUVENILES MASCULINO,1er ETAPA LFF,Fase Regular,Copa Febamba,NIVELACION,Desconocida,CENTRO 2,NIVELACION,CENTRO,2
2025,JUVENILES MASCULINO,JUVENILES MASCULINO,1er ETAPA LFF,Fase Regular,Copa Febamba,NIVELACION,Desconocida,CENTRO 3,NIVELACION,CENTRO,3
2025,JUVENILES MASCULINO,JUVENILES MASCULINO,1er ETAPA LFF,Fase Regular,Copa Febamba,NIVELACION,Desconocida,CENTRO OESTE 4,NIVELACION,CENTRO OESTE,4
2025,JUVENILES MASCULINO,JUVENILES MASCULINO,1er ETAPA LFF,Fase Regular,Copa Febamba,NIVELACION,Desconocida,CENTRO OESTE 5,NIVELACION,CENTRO OESTE,5
2025,JUVENILES MASCULINO,JUVENILES MASCULINO,1er ETAPA LFF,Fase Regular,Copa Febamba,NIVELACION,Desconocida,CENTRO OESTE  6,NIVELACION,CENTRO OESTE,6
2025,JUVENILES MASCULINO,JUVENILES MASCULINO,1er ETAPA LFF,Fase Regular,Copa Febamba,NIVELACION,Desconocida,OESTE 1,NIVELACION,OESTE,1
2025,JUVENILES MASCULINO,JUVENILES MASCULINO,1er ETAPA LFF,Fase Regular,Copa Febamba,NIVELACION,Desconocida,OESTE 2,NIVELACION,OESTE,2
2025,JUVENILES MASCULINO,JUVENILES MASCULINO,1er ETAPA LFF,Fase Regular,Copa Febamba,NIVELACION,Desconocida,OESTE 3,NIVELACION,OESTE,3
2025,JUVENILES MASCULINO,JUVENILES MASCULINO,1er ETAPA LFF,Fase Regular,Copa Febamba,NIVELACION,Desconocida,OESTE 4,NIVELACION,OESTE,4
2025,JUVENILES MASCULINO,JUVENILES MASCULINO,1er ETAPA LFF,Fase Regular,Copa Febamba,NIVELACION,Desconocida,OESTE 5,NIVELACION,OESTE,5
2025,JUVENILES MASCULINO,JUVENILES MASCULINO,1er ETAPA LFF,Fase Regular,Copa Febamba,NIVELACION,Desconocida,OESTE 6,NIVELACION,OESTE,6
2025,CADETES MASCULINO,CADETES MASCULINO,FINAL FOUR 3,Desconocida,Desconocida,Desconocido,Desconocida,OESTE/NORTE.SUR/CENTRO,NIVELACION,Desconocido,Desconocido
2025,CADETES MASCULINO,CADETES MASCULINO,FINAL FOUR 2,Desconocida,Desconocida,Desconocido,Desconocida,NORTE/OESTE.SUR/CENTRO,NIVELACION,Desconocido,Desconocido
2025,CADETES MASCULINO,CADETES MASCULINO,INTERCONFERENCIAS,Desconocida,Desconocida,Desconocido,Desconocida,INTERCONFERENCIA A,NIVELACION,Desconocido,Desconocido
2025,CADETES MASCULINO,CADETES MASCULINO,INTERCONFERENCIAS,Desconocida,Desconocida,Desconocido,Desconocida,INTERCONFERENCIA B,NIVELACION,Desconocido,Desconocido
2025,CADETES MASCULINO,CADETES MASCULINO,TRIANGULAR FINAL,Desconocida,Desconocida,Desconocido,Desconocida,SUR ABC 2,NIVELACION,Desconocido,Desconocido
2025,CADETES MASCULINO,CADETES MASCULINO,FINAL FOUR 2,Desconocida,Desconocida,Desconocido,Desconocida,NORTE AB/OESTE AB,NIVELACION,Desconocido,Desconocido
2025,CADETES MASCULINO,CADETES MASCULINO,FINAL FOUR 1,Desconocida,Desconocida,Desconocido,Desconocida,FINAL FOUR 1 OESTE/NORTE - SUR/CENTRO,NIVELACION,Desconocido,Desconocido
2025,CADETES MASCULINO,CADETES MASCULINO,SUR 2 C,Desconocida,Desconocida,Desconocido,Desconocida,SUR 2C,NIVELACION,Desconocido,Desconocido
2025,CADETES MASCULINO,CADETES MASCULINO,SUR 2B,Desconocida,Desconocida,Desconocido,Desconocida,SUR 2B,NIVELACION,Desconocido,Desconocido
2025,CADETES MASCULINO,CADETES MASCULINO,SUR 2A,Desconocida,Desconocida,Desconocido,Desconocida,SUR 2A,NIVELACION,Desconocido,Desconocido
2025,CADETES MASCULINO,CADETES MASCULINO,OESTE 2 B,Desconocida,Desconocida,Desconocido,Desconocida,OESTE 2B,NIVELACION,Desconocido,Desconocido
2025,CADETES MASCULINO,CADETES MASCULINO,OESTE 2A,Desconocida,Desconocida,Desconocido,Desconocida,OESTE 2A,NIVELACION,Desconocido,Desconocido
2025,CADETES MASCULINO,CADETES MASCULINO,NIVEL NORTE 2B,Desconocida,Desconocida,Desconocido,Desconocida,NORTE 2 B,NIVELACION,Desconocido,Desconocido
2025,CADETES MASCULINO,CADETES MASCULINO,NIVEL NORTE 2A,Desconocida,Desconocida,Desconocido,Desconocida,NORTE 2A,NIVELACION,Desconocido,Desconocido
2025,CADETES MASCULINO,CADETES MASCULINO,NIVEL 3,Desconocida,Desconocida,Desconocido,Desconocida,SUR 3,NIVELACION,Desconocido,Desconocido
2025,CADETES MASCULINO,CADETES MASCULINO,NIVEL 3,Desconocida,Desconocida,Desconocido,Desconocida,OESTE 3,NIVELACION,Desconocido,Desconocido
2025,CADETES MASCULINO,CADETES MASCULINO,NIVEL 3,Desconocida,Desconocida,Desconocido,Desconocida,CENTRO 3,NIVELACION,Desconocido,Desconocido
2025,CADETES MASCULINO,CADETES MASCULINO,NIVEL 3,Desconocida,Desconocida,Desconocido,Desconocida,NORTE 3,NIVELACION,Desconocido,Desconocido
2025,CADETES MASCULINO,CADETES MASCULINO,NIVEL 2,Desconocida,Desconocida,Desconocido,Desconocida,CENTRO,NIVELACION,Desconocido,Desconocido
2025,CADETES MASCULINO,CADETES MASCULINO,INTERCONFERENCIA B,Desconocida,Desconocida,Desconocido,Desconocida,LLAVE 2,NIVELACION,Desconocido,Desconocido
2025,CADETES MASCULINO,CADETES MASCULINO,INTERCONFERENCIA B,Desconocida,Desconocida,Desconocido,Desconocida,LLAVE 1,NIVELACION,Desconocido,Desconocido
2025,CADETES MASCULINO,CADETES MASCULINO,INTERCONFERENCIA A,Desconocida,Desconocida,Desconocido,Desconocida,LLAVE 2,NIVELACION,Desconocido,Desconocido
2025,CADETES MASCULINO,CADETES MASCULINO,INTERCONFERENCIA A,Desconocida,Desconocida,Desconocido,Desconocida,LLAVE 1,NIVELACION,Desconocido,Desconocido
2025,CADETES MASCULINO,CADETES MASCULINO,NIVEL 1,Desconocida,Desconocida,Desconocido,Desconocida,OESTE,NIVELACION,Desconocido,Desconocido
2025,CADETES MASCULINO,CADETES MASCULINO,NIVEL 1,Desconocida,Desconocida,Desconocido,Desconocida,SUR,NIVELACION,Desconocido,Desconocido
2025,CADETES MASCULINO,CADETES MASCULINO,NIVEL 1,Desconocida,Desconocida,Desconocido,Desconocida,CENTRO,NIVELACION,Desconocido,Desconocido
2025,CADETES MASCULINO,CADETES MASCULINO,NIVEL 1,Desconocida,Desconocida,Desconocido,Desconocida,NORTE,NIVELACION,Desconocido,Desconocido
2025,CADETES MASCULINO,CADETES MASCULINO,2do SEMESTRE,Desconocida,Desconocida,Desconocido,Desconocida,INTERCONFERENCIAS A1,NIVELACION,Desconocido,Desconocido
2025,CADETES MASCULINO,CADETES MASCULINO,2do SEMESTRE,Desconocida,Desconocida,Desconocido,Desconocida,INTERCONFERENCIAS A2,NIVELACION,Desconocido,Desconocido
2025,CADETES MASCULINO,CADETES MASCULINO,2do SEMESTRE,Desconocida,Desconocida,Desconocido,Desconocida,INTERCONFERENCIAS A 3,NIVELACION,Desconocido,Desconocido
2025,CADETES MASCULINO,CADETES MASCULINO,2do SEMESTRE,Desconocida,Desconocida,Desconocido,Desconocida,INTERCONFERENCIAS A 4,NIVELACION,Desconocido,Desconocido
2025,CADETES MASCULINO,CADETES MASCULINO,2do SEMESTRE,Desconocida,Desconocida,Desconocido,Desconocida,INTERCONFERENCIAS B1,NIVELACION,Desconocido,Desconocido
2025,CADETES MASCULINO,CADETES MASCULINO,2do SEMESTRE,Desconocida,Desconocida,Desconocido,Desconocida,INTERCONFERENCIAS B 2,NIVELACION,Desconocido,Desconocido
2025,CADETES MASCULINO,CADETES MASCULINO,2do SEMESTRE,Desconocida,Desconocida,Desconocido,Desconocida,INTERCONFERENCIAS B 3,NIVELACION,Desconocido,Desconocido
2025,CADETES MASCULINO,CADETES MASCULINO,2do SEMESTRE,Desconocida,Desconocida,Desconocido,Desconocida,INTERCONFERNCIAS B 4,NIVELACION,Desconocido,Desconocido
2025,CADETES MASCULINO,CADETES MASCULINO,2do SEMESTRE,Desconocida,Desconocida,Desconocido,Desconocida,CENTRO 1,NIVELACION,Desconocido,Desconocido
2025,CADETES MASCULINO,CADETES MASCULINO,2do SEMESTRE,Desconocida,Desconocida,Desconocido,Desconocida,NORTE 1,NIVELACION,Desconocido,Desconocido
2025,CADETES MASCULINO,CADETES MASCULINO,2do SEMESTRE,Desconocida,Desconocida,Desconocido,Desconocida,SUR 1,NIVELACION,Desconocido,Desconocido
2025,CADETES MASCULINO,CADETES MASCULINO,2do SEMESTRE,Desconocida,Desconocida,Desconocido,Desconocida,OESTE 1,NIVELACION,Desconocido,Desconocido
2025,CADETES MASCULINO,CADETES MASCULINO,2do SEMESTRE,Desconocida,Desconocida,Desconocido,Desconocida,CENTRO 2,NIVELACION,Desconocido,Desconocido
2025,CADETES MASCULINO,CADETES MASCULINO,2do SEMESTRE,Desconocida,Desconocida,Desconocido,Desconocida,NORTE 2 A,NIVELACION,Desconocido,Desconocido
2025,CADETES MASCULINO,CADETES MASCULINO,2do SEMESTRE,Desconocida,Desconocida,Desconocido,Desconocida,NORTE 2 B,NIVELACION,Desconocido,Desconocido
2025,CADETES MASCULINO,CADETES MASCULINO,2do SEMESTRE,Desconocida,Desconocida,Desconocido,Desconocida,OESTE 2 A,NIVELACION,Desconocido,Desconocido
2025,CADETES MASCULINO,CADETES MASCULINO,2do SEMESTRE,Desconocida,Desconocida,Desconocido,Desconocida,OESTE 2 B,NIVELACION,Desconocido,Desconocido
2025,CADETES MASCULINO,CADETES MASCULINO,2do SEMESTRE,Desconocida,Desconocida,Desconocido,Desconocida,SUR 2 A,NIVELACION,Desconocido,Desconocido
2025,CADETES MASCULINO,CADETES MASCULINO,2do SEMESTRE,Desconocida,Desconocida,Desconocido,Desconocida,SUR 2 B,NIVELACION,Desconocido,Desconocido
2025,CADETES MASCULINO,CADETES MASCULINO,2do SEMESTRE,Desconocida,Desconocida,Desconocido,Desconocida,SUR 2 C,NIVELACION,Desconocido,Desconocido
2025,CADETES MASCULINO,CADETES MASCULINO,2do SEMESTRE,Desconocida,Desconocida,Desconocido,Desconocida,NORTE 3,NIVELACION,Desconocido,Desconocido
2025,CADETES MASCULINO,CADETES MASCULINO,2do SEMESTRE,Desconocida,Desconocida,Desconocido,Desconocida,CENTRO 3,NIVELACION,Desconocido,Desconocido
2025,CADETES MASCULINO,CADETES MASCULINO,2do SEMESTRE,Desconocida,Desconocida,Desconocido,Desconocida,OESTE 3,NIVELACION,Desconocido,Desconocido
2025,CADETES MASCULINO,CADETES MASCULINO,2do SEMESTRE,Desconocida,Desconocida,Desconocido,Desconocida,SUR 3,NIVELACION,Desconocido,Desconocido
2025,CADETES MASCULINO,CADETES MASCULINO,CLASIFICACION LFF,Desconocida,Desconocida,Desconocido,Desconocida,SUR,NIVELACION,Desconocido,Desconocido
2025,CADETES MASCULINO,CADETES MASCULINO,CLASIFICACION LFF,Desconocida,Desconocida,Desconocido,Desconocida,OESTE,NIVELACION,Desconocido,Desconocido
2025,CADETES MASCULINO,CADETES MASCULINO,CLASIFICACION LFF,Desconocida,Desconocida,Desconocido,Desconocida,CENTRO,NIVELACION,Desconocido,Desconocido
2025,CADETES MASCULINO,CADETES MASCULINO,CLASIFICACION LFF,Desconocida,Desconocida,Desconocido,Desconocida,NORTE,NIVELACION,Desconocido,Desconocido
2025,CADETES MASCULINO,CADETES MASCULINO,1er ETAPA LFF,Fase Regular,Copa Febamba,NIVELACION,Desconocida,SUR 1,NIVELACION,SUR,1
2025,CADETES MASCULINO,CADETES MASCULINO,1er ETAPA LFF,Fase Regular,Copa Febamba,NIVELACION,Desconocida,SUR 2,NIVELACION,SUR,2
2025,CADETES MASCULINO,CADETES MASCULINO,1er ETAPA LFF,Fase Regular,Copa Febamba,NIVELACION,Desconocida,SUR 3,NIVELACION,SUR,3
2025,CADETES MASCULINO,CADETES MASCULINO,1er ETAPA LFF,Fase Regular,Copa Febamba,NIVELACION,Desconocida,SUR 4,NIVELACION,SUR,4
2025,CADETES MASCULINO,CADETES MASCULINO,1er ETAPA LFF,Fase Regular,Copa Febamba,NIVELACION,Desconocida,SUR 5,NIVELACION,SUR,5
2025,CADETES MASCULINO,CADETES MASCULINO,1er ETAPA LFF,Fase Regular,Copa Febamba,NIVELACION,Desconocida,SUR 6,NIVELACION,SUR,6
2025,CADETES MASCULINO,CADETES MASCULINO,1er ETAPA LFF,Fase Regular,Copa Febamba,NIVELACION,Desconocida,SUR 7,NIVELACION,SUR,7
2025,CADETES MASCULINO,CADETES MASCULINO,1er ETAPA LFF,Fase Regular,Copa Febamba,NIVELACION,Desconocida,NORTE 1,NIVELACION,NORTE,1
2025,CADETES MASCULINO,CADETES MASCULINO,1er ETAPA LFF,Fase Regular,Copa Febamba,NIVELACION,Desconocida,NORTE 2,NIVELACION,NORTE,2
2025,CADETES MASCULINO,CADETES MASCULINO,1er ETAPA LFF,Fase Regular,Copa Febamba,NIVELACION,Desconocida,NORTE 3,NIVELACION,NORTE,3
2025,CADETES MASCULINO,CADETES MASCULINO,1er ETAPA LFF,Fase Regular,Copa Febamba,NIVELACION,Desconocida,NORTE 4,NIVELACION,NORTE,4
2025,CADETES MASCULINO,CADETES MASCULINO,1er ETAPA LFF,Fase Regular,Copa Febamba,NIVELACION,Desconocida,NORTE 5,NIVELACION,NORTE,5
2025,CADETES MASCULINO,CADETES MASCULINO,1er ETAPA LFF,Fase Regular,Copa Febamba,NIVELACION,Desconocida,NORTE 6,NIVELACION,NORTE,6
2025,CADETES MASCULINO,CADETES MASCULINO,1er ETAPA LFF,Fase Regular,Copa Febamba,NIVELACION,Desconocida,CENTRO 1,NIVELACION,CENTRO,1
2025,CADETES MASCULINO,CADETES MASCULINO,1er ETAPA LFF,Fase Regular,Copa Febamba,NIVELACION,Desconocida,CENTRO 2,NIVELACION,CENTRO,2
2025,CADETES MASCULINO,CADETES MASCULINO,1er ETAPA LFF,Fase Regular,Copa Febamba,NIVELACION,Desconocida,CENTRO 3,NIVELACION,CENTRO,3
2025,CADETES MASCULINO,CADETES MASCULINO,1er ETAPA LFF,Fase Regular,Copa Febamba,NIVELACION,Desconocida,CENTRO OESTE 4,NIVELACION,CENTRO OESTE,4
2025,CADETES MASCULINO,CADETES MASCULINO,1er ETAPA LFF,Fase Regular,Copa Febamba,NIVELACION,Desconocida,CENTRO OESTE 5,NIVELACION,CENTRO OESTE,5
2025,CADETES MASCULINO,CADETES MASCULINO,1er ETAPA LFF,Fase Regular,Copa Febamba,NIVELACION,Desconocida,CENTRO OESTE  6,NIVELACION,CENTRO OESTE,6
2025,CADETES MASCULINO,CADETES MASCULINO,1er ETAPA LFF,Fase Regular,Copa Febamba,NIVELACION,Desconocida,OESTE 1,NIVELACION,OESTE,1
2025,CADETES MASCULINO,CADETES MASCULINO,1er ETAPA LFF,Fase Regular,Copa Febamba,NIVELACION,Desconocida,OESTE 2,NIVELACION,OESTE,2
2025,CADETES MASCULINO,CADETES MASCULINO,1er ETAPA LFF,Fase Regular,Copa Febamba,NIVELACION,Desconocida,OESTE 3,NIVELACION,OESTE,3
2025,CADETES MASCULINO,CADETES MASCULINO,1er ETAPA LFF,Fase Regular,Copa Febamba,NIVELACION,Desconocida,OESTE 4,NIVELACION,OESTE,4
2025,CADETES MASCULINO,CADETES MASCULINO,1er ETAPA LFF,Fase Regular,Copa Febamba,NIVELACION,Desconocida,OESTE 5,NIVELACION,OESTE,5
2025,CADETES MASCULINO,CADETES MASCULINO,1er ETAPA LFF,Fase Regular,Copa Febamba,NIVELACION,Desconocida,OESTE 6,NIVELACION,OESTE,6
2025,INFANTILES MASCULINO,INFANTILES MASCULINO,FINAL FOUR 3,Desconocida,Desconocida,Desconocido,Desconocida,0ESTE/NORTE.SUR-CENTRO,NIVELACION,Desconocido,Desconocido
2025,INFANTILES MASCULINO,INFANTILES MASCULINO,FINAL FOUR 2,Desconocida,Desconocida,Desconocido,Desconocida,NORTE/OESTE-CENTRO/SUR,NIVELACION,Desconocido,Desconocido
2025,INFANTILES MASCULINO,INFANTILES MASCULINO,FINAL INTERCONFERENCIAS,Desconocida,Desconocida,Desconocido,Desconocida,INTERCONFERENCIA A,NIVELACION,Desconocido,Desconocido
2025,INFANTILES MASCULINO,INFANTILES MASCULINO,FINAL INTERCONFERENCIAS,Desconocida,Desconocida,Desconocido,Desconocida,INTERCONFERENCIA B,NIVELACION,Desconocido,Desconocido
2025,INFANTILES MASCULINO,INFANTILES MASCULINO,TRIANGULAR FINAL,Desconocida,Desconocida,Desconocido,Desconocida,SUR ABC 2,NIVELACION,Desconocido,Desconocido
2025,INFANTILES MASCULINO,INFANTILES MASCULINO,FINAL FOUR 2,Desconocida,Desconocida,Desconocido,Desconocida,NORTE AB/OESTE AB,NIVELACION,Desconocido,Desconocido
2025,INFANTILES MASCULINO,INFANTILES MASCULINO,FINAL FOUR 1,Desconocida,Desconocida,Desconocido,Desconocida,FINAL FOUR 1 OESTE/NORTE - SUR/CENTRO,NIVELACION,Desconocido,Desconocido
2025,INFANTILES MASCULINO,INFANTILES MASCULINO,SUR 2 C,Desconocida,Desconocida,Desconocido,Desconocida,SUR 2C,NIVELACION,Desconocido,Desconocido
2025,INFANTILES MASCULINO,INFANTILES MASCULINO,SUR 2B,Desconocida,Desconocida,Desconocido,Desconocida,SUR 2B,NIVELACION,Desconocido,Desconocido
2025,INFANTILES MASCULINO,INFANTILES MASCULINO,SUR 2A,Desconocida,Desconocida,Desconocido,Desconocida,SUR 2A,NIVELACION,Desconocido,Desconocido
2025,INFANTILES MASCULINO,INFANTILES MASCULINO,OESTE 2B,Desconocida,Desconocida,Desconocido,Desconocida,OESTE 2B,NIVELACION,Desconocido,Desconocido
2025,INFANTILES MASCULINO,INFANTILES MASCULINO,OESTE 2A,Desconocida,Desconocida,Desconocido,Desconocida,OESTE 2A,NIVELACION,Desconocido,Desconocido
2025,INFANTILES MASCULINO,INFANTILES MASCULINO,NORTE 2B,Desconocida,Desconocida,Desconocido,Desconocida,NORTE 2B,NIVELACION,Desconocido,Desconocido
2025,INFANTILES MASCULINO,INFANTILES MASCULINO,NORTE 2 A,Desconocida,Desconocida,Desconocido,Desconocida,NORTE 2A,NIVELACION,Desconocido,Desconocido
2025,INFANTILES MASCULINO,INFANTILES MASCULINO,INTERCONFERENCIA B,Desconocida,Desconocida,Desconocido,Desconocida,LLAVE 2,NIVELACION,Desconocido,Desconocido
2025,INFANTILES MASCULINO,INFANTILES MASCULINO,NIVEL 3,Desconocida,Desconocida,Desconocido,Desconocida,SUR 3,NIVELACION,Desconocido,Desconocido
2025,INFANTILES MASCULINO,INFANTILES MASCULINO,NIVEL 3,Desconocida,Desconocida,Desconocido,Desconocida,OESTE 3,NIVELACION,Desconocido,Desconocido
2025,INFANTILES MASCULINO,INFANTILES MASCULINO,NIVEL 3,Desconocida,Desconocida,Desconocido,Desconocida,NORTE 3,NIVELACION,Desconocido,Desconocido
2025,INFANTILES MASCULINO,INFANTILES MASCULINO,NIVEL 3,Desconocida,Desconocida,Desconocido,Desconocida,CENTRO 3,NIVELACION,Desconocido,Desconocido
2025,INFANTILES MASCULINO,INFANTILES MASCULINO,NIVEL 2,Desconocida,Desconocida,Desconocido,Desconocida,CENTRO,NIVELACION,Desconocido,Desconocido
2025,INFANTILES MASCULINO,INFANTILES MASCULINO,INTERCONFERENCIA B,Desconocida,Desconocida,Desconocido,Desconocida,LLAVE 1,NIVELACION,Desconocido,Desconocido
2025,INFANTILES MASCULINO,INFANTILES MASCULINO,INTERCONFERENCIA A,Desconocida,Desconocida,Desconocido,Desconocida,LLAVE 2,NIVELACION,Desconocido,Desconocido
2025,INFANTILES MASCULINO,INFANTILES MASCULINO,INTERCONFERENCIA A,Desconocida,Desconocida,Desconocido,Desconocida,LLAVE 1,NIVELACION,Desconocido,Desconocido
2025,INFANTILES MASCULINO,INFANTILES MASCULINO,NIVEL 1,Desconocida,Desconocida,Desconocido,Desconocida,OESTE,NIVELACION,Desconocido,Desconocido
2025,INFANTILES MASCULINO,INFANTILES MASCULINO,NIVEL 1,Desconocida,Desconocida,Desconocido,Desconocida,SUR,NIVELACION,Desconocido,Desconocido
2025,INFANTILES MASCULINO,INFANTILES MASCULINO,NIVEL 1,Desconocida,Desconocida,Desconocido,Desconocida,CENTRO,NIVELACION,Desconocido,Desconocido
2025,INFANTILES MASCULINO,INFANTILES MASCULINO,NIVEL 1,Desconocida,Desconocida,Desconocido,Desconocida,NORTE,NIVELACION,Desconocido,Desconocido
2025,INFANTILES MASCULINO,INFANTILES MASCULINO,2do SEMESTRE,Desconocida,Desconocida,Desconocido,Desconocida,INTERCONFERENCIAS A1,NIVELACION,Desconocido,Desconocido
2025,INFANTILES MASCULINO,INFANTILES MASCULINO,2do SEMESTRE,Desconocida,Desconocida,Desconocido,Desconocida,INTERCONFERENCIAS A2,NIVELACION,Desconocido,Desconocido
2025,INFANTILES MASCULINO,INFANTILES MASCULINO,2do SEMESTRE,Desconocida,Desconocida,Desconocido,Desconocida,INTERCONFERENCIAS A 3,NIVELACION,Desconocido,Desconocido
2025,INFANTILES MASCULINO,INFANTILES MASCULINO,2do SEMESTRE,Desconocida,Desconocida,Desconocido,Desconocida,INTERCONFERENCIAS A 4,NIVELACION,Desconocido,Desconocido
2025,INFANTILES MASCULINO,INFANTILES MASCULINO,2do SEMESTRE,Desconocida,Desconocida,Desconocido,Desconocida,INTERCONFERENCIAS B1,NIVELACION,Desconocido,Desconocido
2025,INFANTILES MASCULINO,INFANTILES MASCULINO,2do SEMESTRE,Desconocida,Desconocida,Desconocido,Desconocida,INTERCONFERENCIAS B 2,NIVELACION,Desconocido,Desconocido
2025,INFANTILES MASCULINO,INFANTILES MASCULINO,2do SEMESTRE,Desconocida,Desconocida,Desconocido,Desconocida,INTERCONFERENCIAS B 3,NIVELACION,Desconocido,Desconocido
2025,INFANTILES MASCULINO,INFANTILES MASCULINO,2do SEMESTRE,Desconocida,Desconocida,Desconocido,Desconocida,INTERCONFERNCIAS B 4,NIVELACION,Desconocido,Desconocido
2025,INFANTILES MASCULINO,INFANTILES MASCULINO,2do SEMESTRE,Desconocida,Desconocida,Desconocido,Desconocida,CENTRO 1,NIVELACION,Desconocido,Desconocido
2025,INFANTILES MASCULINO,INFANTILES MASCULINO,2do SEMESTRE,Desconocida,Desconocida,Desconocido,Desconocida,NORTE 1,NIVELACION,Desconocido,Desconocido
2025,INFANTILES MASCULINO,INFANTILES MASCULINO,2do SEMESTRE,Desconocida,Desconocida,Desconocido,Desconocida,SUR 1,NIVELACION,Desconocido,Desconocido
2025,INFANTILES MASCULINO,INFANTILES MASCULINO,2do SEMESTRE,Desconocida,Desconocida,Desconocido,Desconocida,OESTE 1,NIVELACION,Desconocido,Desconocido
2025,INFANTILES MASCULINO,INFANTILES MASCULINO,2do SEMESTRE,Desconocida,Desconocida,Desconocido,Desconocida,CENTRO 2,NIVELACION,Desconocido,Desconocido
2025,INFANTILES MASCULINO,INFANTILES MASCULINO,2do SEMESTRE,Desconocida,Desconocida,Desconocido,Desconocida,NORTE 2 A,NIVELACION,Desconocido,Desconocido
2025,INFANTILES MASCULINO,INFANTILES MASCULINO,2do SEMESTRE,Desconocida,Desconocida,Desconocido,Desconocida,NORTE 2 B,NIVELACION,Desconocido,Desconocido
2025,INFANTILES MASCULINO,INFANTILES MASCULINO,2do SEMESTRE,Desconocida,Desconocida,Desconocido,Desconocida,SUR 2 A,NIVELACION,Desconocido,Desconocido
2025,INFANTILES MASCULINO,INFANTILES MASCULINO,2do SEMESTRE,Desconocida,Desconocida,Desconocido,Desconocida,SUR 2 B,NIVELACION,Desconocido,Desconocido
2025,INFANTILES MASCULINO,INFANTILES MASCULINO,2do SEMESTRE,Desconocida,Desconocida,Desconocido,Desconocida,SUR 2 C,NIVELACION,Desconocido,Desconocido
2025,INFANTILES MASCULINO,INFANTILES MASCULINO,2do SEMESTRE,Desconocida,Desconocida,Desconocido,Desconocida,OESTE 2 A,NIVELACION,Desconocido,Desconocido
2025,INFANTILES MASCULINO,INFANTILES MASCULINO,2do SEMESTRE,Desconocida,Desconocida,Desconocido,Desconocida,OESTE 2 B,NIVELACION,Desconocido,Desconocido
2025,INFANTILES MASCULINO,INFANTILES MASCULINO,2do SEMESTRE,Desconocida,Desconocida,Desconocido,Desconocida,CENTRO 3,NIVELACION,Desconocido,Desconocido
2025,INFANTILES MASCULINO,INFANTILES MASCULINO,2do SEMESTRE,Desconocida,Desconocida,Desconocido,Desconocida,NORTE 3,NIVELACION,Desconocido,Desconocido
2025,INFANTILES MASCULINO,INFANTILES MASCULINO,2do SEMESTRE,Desconocida,Desconocida,Desconocido,Desconocida,OESTE 3,NIVELACION,Desconocido,Desconocido
2025,INFANTILES MASCULINO,INFANTILES MASCULINO,2do SEMESTRE,Desconocida,Desconocida,Desconocido,Desconocida,SUR 3,NIVELACION,Desconocido,Desconocido
2025,INFANTILES MASCULINO,INFANTILES MASCULINO,CLASIFICACION LFF,Desconocida,Desconocida,Desconocido,Desconocida,sur,NIVELACION,Desconocido,Desconocido
2025,INFANTILES MASCULINO,INFANTILES MASCULINO,CLASIFICACION LFF,Desconocida,Desconocida,Desconocido,Desconocida,NORTE,NIVELACION,Desconocido,Desconocido
2025,INFANTILES MASCULINO,INFANTILES MASCULINO,CLASIFICACION LFF,Desconocida,Desconocida,Desconocido,Desconocida,CENTRO,NIVELACION,Desconocido,Desconocido
2025,INFANTILES MASCULINO,INFANTILES MASCULINO,CLASIFICACION LFF,Desconocida,Desconocida,Desconocido,Desconocida,OESTE,NIVELACION,Desconocido,Desconocido
2025,INFANTILES MASCULINO,INFANTILES MASCULINO,1er ETAPA LFF,Fase Regular,Copa Febamba,NIVELACION,Desconocida,SUR 1,NIVELACION,SUR,1
2025,INFANTILES MASCULINO,INFANTILES MASCULINO,1er ETAPA LFF,Fase Regular,Copa Febamba,NIVELACION,Desconocida,SUR 2,NIVELACION,SUR,2
2025,INFANTILES MASCULINO,INFANTILES MASCULINO,1er ETAPA LFF,Fase Regular,Copa Febamba,NIVELACION,Desconocida,SUR 3,NIVELACION,SUR,3
2025,INFANTILES MASCULINO,INFANTILES MASCULINO,1er ETAPA LFF,Fase Regular,Copa Febamba,NIVELACION,Desconocida,SUR 4,NIVELACION,SUR,4
2025,INFANTILES MASCULINO,INFANTILES MASCULINO,1er ETAPA LFF,Fase Regular,Copa Febamba,NIVELACION,Desconocida,SUR 5,NIVELACION,SUR,5
2025,INFANTILES MASCULINO,INFANTILES MASCULINO,1er ETAPA LFF,Fase Regular,Copa Febamba,NIVELACION,Desconocida,SUR 6,NIVELACION,SUR,6
2025,INFANTILES MASCULINO,INFANTILES MASCULINO,1er ETAPA LFF,Fase Regular,Copa Febamba,NIVELACION,Desconocida,SUR 7,NIVELACION,SUR,7
2025,INFANTILES MASCULINO,INFANTILES MASCULINO,1er ETAPA LFF,Fase Regular,Copa Febamba,NIVELACION,Desconocida,NORTE 1,NIVELACION,NORTE,1
2025,INFANTILES MASCULINO,INFANTILES MASCULINO,1er ETAPA LFF,Fase Regular,Copa Febamba,NIVELACION,Desconocida,NORTE 2,NIVELACION,NORTE,2
2025,INFANTILES MASCULINO,INFANTILES MASCULINO,1er ETAPA LFF,Fase Regular,Copa Febamba,NIVELACION,Desconocida,NORTE 3,NIVELACION,NORTE,3
2025,INFANTILES MASCULINO,INFANTILES MASCULINO,1er ETAPA LFF,Fase Regular,Copa Febamba,NIVELACION,Desconocida,NORTE 4,NIVELACION,NORTE,4
2025,INFANTILES MASCULINO,INFANTILES MASCULINO,1er ETAPA LFF,Fase Regular,Copa Febamba,NIVELACION,Desconocida,NORTE 5,NIVELACION,NORTE,5
2025,INFANTILES MASCULINO,INFANTILES MASCULINO,1er ETAPA LFF,Fase Regular,Copa Febamba,NIVELACION,Desconocida,NORTE 6,NIVELACION,NORTE,6
2025,INFANTILES MASCULINO,INFANTILES MASCULINO,1er ETAPA LFF,Fase Regular,Copa Febamba,NIVELACION,Desconocida,CENTRO 1,NIVELACION,CENTRO,1
2025,INFANTILES MASCULINO,INFANTILES MASCULINO,1er ETAPA LFF,Fase Regular,Copa Febamba,NIVELACION,Desconocida,CENTRO 2,NIVELACION,CENTRO,2
2025,INFANTILES MASCULINO,INFANTILES MASCULINO,1er ETAPA LFF,Fase Regular,Copa Febamba,NIVELACION,Desconocida,CENTRO 3,NIVELACION,CENTRO,3
2025,INFANTILES MASCULINO,INFANTILES MASCULINO,1er ETAPA LFF,Fase Regular,Copa Febamba,NIVELACION,Desconocida,CENTRO OESTE 4,NIVELACION,CENTRO OESTE,4
2025,INFANTILES MASCULINO,INFANTILES MASCULINO,1er ETAPA LFF,Fase Regular,Copa Febamba,NIVELACION,Desconocida,CENTRO OESTE 5,NIVELACION,CENTRO OESTE,5
2025,INFANTILES MASCULINO,INFANTILES MASCULINO,1er ETAPA LFF,Fase Regular,Copa Febamba,NIVELACION,Desconocida,CENTRO OESTE  6,NIVELACION,CENTRO OESTE,6
2025,INFANTILES MASCULINO,INFANTILES MASCULINO,1er ETAPA LFF,Fase Regular,Copa Febamba,NIVELACION,Desconocida,OESTE 1,NIVELACION,OESTE,1
2025,INFANTILES MASCULINO,INFANTILES MASCULINO,1er ETAPA LFF,Fase Regular,Copa Febamba,NIVELACION,Desconocida,OESTE 2,NIVELACION,OESTE,2
2025,INFANTILES MASCULINO,INFANTILES MASCULINO,1er ETAPA LFF,Fase Regular,Copa Febamba,NIVELACION,Desconocida,OESTE 3,NIVELACION,OESTE,3
2025,INFANTILES MASCULINO,INFANTILES MASCULINO,1er ETAPA LFF,Fase Regular,Copa Febamba,NIVELACION,Desconocida,OESTE 4,NIVELACION,OESTE,4
2025,INFANTILES MASCULINO,INFANTILES MASCULINO,1er ETAPA LFF,Fase Regular,Copa Febamba,NIVELACION,Desconocida,OESTE 5,NIVELACION,OESTE,5
2025,INFANTILES MASCULINO,INFANTILES MASCULINO,1er ETAPA LFF,Fase Regular,Copa Febamba,NIVELACION,Desconocida,OESTE 6,NIVELACION,OESTE,6
2025,MINI MASCULINO,MINI,FINAL INTERCONFERENCIA B,Desconocida,Desconocida,Desconocido,Desconocida,INTERCONFERENCIA B,NIVELACION,Desconocido,Desconocido
2025,MINI MASCULINO,MINI,FINAL FOUR NIVEL 3,Desconocida,Desconocida,Desconocido,Desconocida,OESTE/NORTE.SUR/CENTRO,NIVELACION,Desconocido,Desconocido
2025,MINI MASCULINO,MINI,FINAL FOUR NIVEL 2,Desconocida,Desconocida,Desconocido,Desconocida,ZONAS NORTE/OESTE-SUR/CENTRO,NIVELACION,Desconocido,Desconocido
2025,MINI MASCULINO,MINI,FINAL  INTERCONFERENCIA A,Desconocida,Desconocida,Desconocido,Desconocida,FINAL,NIVELACION,Desconocido,Desconocido
2025,MINI MASCULINO,MINI,TRIANGULAR FINAL,Desconocida,Desconocida,Desconocido,Desconocida,SUR ABC 2,NIVELACION,Desconocido,Desconocido
2025,MINI MASCULINO,MINI,FINAL FOUR 2,Desconocida,Desconocida,Desconocido,Desconocida,NORTE AB/OESTE AB,NIVELACION,Desconocido,Desconocido
2025,MINI MASCULINO,MINI,NIVEL 1 FINAL FOUR,Desconocida,Desconocida,Desconocido,Desconocida,OESTE/NORTE T SUR/CENTRO,NIVELACION,Desconocido,Desconocido
2025,MINI MASCULINO,MINI,NIVEL SUR 2C,Desconocida,Desconocida,Desconocido,Desconocida,SUR 2C,NIVELACION,Desconocido,Desconocido
2025,MINI MASCULINO,MINI,NIVEL SUR 2B,Desconocida,Desconocida,Desconocido,Desconocida,SUR 2B,NIVELACION,Desconocido,Desconocido
2025,MINI MASCULINO,MINI,NIVEL SUR 2A,Desconocida,Desconocida,Desconocido,Desconocida,SUR 2A,NIVELACION,Desconocido,Desconocido
2025,MINI MASCULINO,MINI,NIVEL OESTE 2B,Desconocida,Desconocida,Desconocido,Desconocida,OESTE 2B,NIVELACION,Desconocido,Desconocido
2025,MINI MASCULINO,MINI,NIVEL OESTE 2A,Desconocida,Desconocida,Desconocido,Desconocida,OESTE 2A,NIVELACION,Desconocido,Desconocido
2025,MINI MASCULINO,MINI,NIVEL NORTE 2B,Desconocida,Desconocida,Desconocido,Desconocida,NORTE 2B,NIVELACION,Desconocido,Desconocido
2025,MINI MASCULINO,MINI,NIVEL NORTE 2A,Desconocida,Desconocida,Desconocido,Desconocida,NORTE A,NIVELACION,Desconocido,Desconocido
2025,MINI MASCULINO,MINI,NIVEL 3,Desconocida,Desconocida,Desconocido,Desconocida,NORTE 3,NIVELACION,Desconocido,Desconocido
2025,MINI MASCULINO,MINI,NIVEL 3,Desconocida,Desconocida,Desconocido,Desconocida,OESTE 3,NIVELACION,Desconocido,Desconocido
2025,MINI MASCULINO,MINI,INTERCONFERENCIA B,Desconocida,Desconocida,Desconocido,Desconocida,LLAVE 2,NIVELACION,Desconocido,Desconocido
2025,MINI MASCULINO,MINI,INTERCONFERENCIA B,Desconocida,Desconocida,Desconocido,Desconocida,LLAVE 1,NIVELACION,Desconocido,Desconocido
2025,MINI MASCULINO,MINI,INTERCONFERENCIA A,Desconocida,Desconocida,Desconocido,Desconocida,LLAVEE 2,NIVELACION,Desconocido,Desconocido
2025,MINI MASCULINO,MINI,INTERCONFERENCIA A,Desconocida,Desconocida,Desconocido,Desconocida,LLAVE 1,NIVELACION,Desconocido,Desconocido
2025,MINI MASCULINO,MINI,NIVEL 2,Desconocida,Desconocida,Desconocido,Desconocida,CENTRO,NIVELACION,Desconocido,Desconocido
2025,MINI MASCULINO,MINI,NIVEL 3,Desconocida,Desconocida,Desconocido,Desconocida,sur 3,NIVELACION,Desconocido,Desconocido
2025,MINI MASCULINO,MINI,NIVEL 3,Desconocida,Desconocida,Desconocido,Desconocida,CENTRO 3,NIVELACION,Desconocido,Desconocido
2025,MINI MASCULINO,MINI,NIVEL 1,Desconocida,Desconocida,Desconocido,Desconocida,OESTE,NIVELACION,Desconocido,Desconocido
2025,MINI MASCULINO,MINI,NIVEL 1,Desconocida,Desconocida,Desconocido,Desconocida,NORTE,NIVELACION,Desconocido,Desconocido
2025,MINI MASCULINO,MINI,NIVEL 1,Desconocida,Desconocida,Desconocido,Desconocida,SUR,NIVELACION,Desconocido,Desconocido
2025,MINI MASCULINO,MINI,NIVEL 1,Desconocida,Desconocida,Desconocido,Desconocida,CENTRO,NIVELACION,Desconocido,Desconocido
2025,MINI MASCULINO,MINI,2do SEMESTRE,Desconocida,Desconocida,Desconocido,Desconocida,INTERCONFERENCIAS A1,NIVELACION,Desconocido,Desconocido
2025,MINI MASCULINO,MINI,2do SEMESTRE,Desconocida,Desconocida,Desconocido,Desconocida,INTERCONFERENCIAS A2,NIVELACION,Desconocido,Desconocido
2025,MINI MASCULINO,MINI,2do SEMESTRE,Desconocida,Desconocida,Desconocido,Desconocida,INTERCONFERENCIAS A 3,NIVELACION,Desconocido,Desconocido
2025,MINI MASCULINO,MINI,2do SEMESTRE,Desconocida,Desconocida,Desconocido,Desconocida,INTERCONFERENCIAS A 4,NIVELACION,Desconocido,Desconocido
2025,MINI MASCULINO,MINI,2do SEMESTRE,Desconocida,Desconocida,Desconocido,Desconocida,INTERCONFERENCIAS B1,NIVELACION,Desconocido,Desconocido
2025,MINI MASCULINO,MINI,2do SEMESTRE,Desconocida,Desconocida,Desconocido,Desconocida,INTERCONFERENCIAS B 2,NIVELACION,Desconocido,Desconocido
2025,MINI MASCULINO,MINI,2do SEMESTRE,Desconocida,Desconocida,Desconocido,Desconocida,INTERCONFERENCIAS B 3,NIVELACION,Desconocido,Desconocido
2025,MINI MASCULINO,MINI,2do SEMESTRE,Desconocida,Desconocida,Desconocido,Desconocida,INTERCONFERNCIAS B 4,NIVELACION,Desconocido,Desconocido
2025,MINI MASCULINO,MINI,2do SEMESTRE,Desconocida,Desconocida,Desconocido,Desconocida,CENTRO 1,NIVELACION,Desconocido,Desconocido
2025,MINI MASCULINO,MINI,2do SEMESTRE,Desconocida,Desconocida,Desconocido,Desconocida,NORTE 1,NIVELACION,Desconocido,Desconocido
2025,MINI MASCULINO,MINI,2do SEMESTRE,Desconocida,Desconocida,Desconocido,Desconocida,SUR 1,NIVELACION,Desconocido,Desconocido
2025,MINI MASCULINO,MINI,2do SEMESTRE,Desconocida,Desconocida,Desconocido,Desconocida,OESTE 1,NIVELACION,Desconocido,Desconocido
2025,MINI MASCULINO,MINI,2do SEMESTRE,Desconocida,Desconocida,Desconocido,Desconocida,CENTRO 2,NIVELACION,Desconocido,Desconocido
2025,MINI MASCULINO,MINI,2do SEMESTRE,Desconocida,Desconocida,Desconocido,Desconocida,NORTE 2 A,NIVELACION,Desconocido,Desconocido
2025,MINI MASCULINO,MINI,2do SEMESTRE,Desconocida,Desconocida,Desconocido,Desconocida,NORTE 2 B,NIVELACION,Desconocido,Desconocido
2025,MINI MASCULINO,MINI,2do SEMESTRE,Desconocida,Desconocida,Desconocido,Desconocida,SUR 2 A,NIVELACION,Desconocido,Desconocido
2025,MINI MASCULINO,MINI,2do SEMESTRE,Desconocida,Desconocida,Desconocido,Desconocida,SUR 2 B,NIVELACION,Desconocido,Desconocido
2025,MINI MASCULINO,MINI,2do SEMESTRE,Desconocida,Desconocida,Desconocido,Desconocida,SUR 2 C,NIVELACION,Desconocido,Desconocido
2025,MINI MASCULINO,MINI,2do SEMESTRE,Desconocida,Desconocida,Desconocido,Desconocida,OESTE 2 A,NIVELACION,Desconocido,Desconocido
2025,MINI MASCULINO,MINI,2do SEMESTRE,Desconocida,Desconocida,Desconocido,Desconocida,OESTE 2 B,NIVELACION,Desconocido,Desconocido
2025,MINI MASCULINO,MINI,2do SEMESTRE,Desconocida,Desconocida,Desconocido,Desconocida,CENTRO 3,NIVELACION,Desconocido,Desconocido
2025,MINI MASCULINO,MINI,2do SEMESTRE,Desconocida,Desconocida,Desconocido,Desconocida,NORTE 3,NIVELACION,Desconocido,Desconocido
2025,MINI MASCULINO,MINI,2do SEMESTRE,Desconocida,Desconocida,Desconocido,Desconocida,OESTE 3,NIVELACION,Desconocido,Desconocido
2025,MINI MASCULINO,MINI,2do SEMESTRE,Desconocida,Desconocida,Desconocido,Desconocida,SUR 3,NIVELACION,Desconocido,Desconocido
2025,MINI MASCULINO,MINI,CLASIFICACION LFF,Desconocida,Desconocida,Desconocido,Desconocida,sur,NIVELACION,Desconocido,Desconocido
2025,MINI MASCULINO,MINI,CLASIFICACION LFF,Desconocida,Desconocida,Desconocido,Desconocida,NORTE,NIVELACION,Desconocido,Desconocido
2025,MINI MASCULINO,MINI,CLASIFICACION LFF,Desconocida,Desconocida,Desconocido,Desconocida,OESTE,NIVELACION,Desconocido,Desconocido
2025,MINI MASCULINO,MINI,CLASIFICACION LFF,Desconocida,Desconocida,Desconocido,Desconocida,CENTRO,NIVELACION,Desconocido,Desconocido
2025,MINI MASCULINO,MINI,1er ETAPA LFF,Fase Regular,Copa Febamba,NIVELACION,Desconocida,SUR 1,NIVELACION,SUR,1
2025,MINI MASCULINO,MINI,1er ETAPA LFF,Fase Regular,Copa Febamba,NIVELACION,Desconocida,SUR 2,NIVELACION,SUR,2
2025,MINI MASCULINO,MINI,1er ETAPA LFF,Fase Regular,Copa Febamba,NIVELACION,Desconocida,SUR 3,NIVELACION,SUR,3
2025,MINI MASCULINO,MINI,1er ETAPA LFF,Fase Regular,Copa Febamba,NIVELACION,Desconocida,SUR 4,NIVELACION,SUR,4
2025,MINI MASCULINO,MINI,1er ETAPA LFF,Fase Regular,Copa Febamba,NIVELACION,Desconocida,SUR 5,NIVELACION,SUR,5
2025,MINI MASCULINO,MINI,1er ETAPA LFF,Fase Regular,Copa Febamba,NIVELACION,Desconocida,SUR 6,NIVELACION,SUR,6
2025,MINI MASCULINO,MINI,1er ETAPA LFF,Fase Regular,Copa Febamba,NIVELACION,Desconocida,SUR 7,NIVELACION,SUR,7
2025,MINI MASCULINO,MINI,1er ETAPA LFF,Fase Regular,Copa Febamba,NIVELACION,Desconocida,NORTE 1,NIVELACION,NORTE,1
2025,MINI MASCULINO,MINI,1er ETAPA LFF,Fase Regular,Copa Febamba,NIVELACION,Desconocida,NORTE 2,NIVELACION,NORTE,2
2025,MINI MASCULINO,MINI,1er ETAPA LFF,Fase Regular,Copa Febamba,NIVELACION,Desconocida,NORTE 3,NIVELACION,NORTE,3
2025,MINI MASCULINO,MINI,1er ETAPA LFF,Fase Regular,Copa Febamba,NIVELACION,Desconocida,NORTE 4,NIVELACION,NORTE,4
2025,MINI MASCULINO,MINI,1er ETAPA LFF,Fase Regular,Copa Febamba,NIVELACION,Desconocida,NORTE 5,NIVELACION,NORTE,5
2025,MINI MASCULINO,MINI,1er ETAPA LFF,Fase Regular,Copa Febamba,NIVELACION,Desconocida,NORTE 6,NIVELACION,NORTE,6
2025,MINI MASCULINO,MINI,1er ETAPA LFF,Fase Regular,Copa Febamba,NIVELACION,Desconocida,CENTRO 1,NIVELACION,CENTRO,1
2025,MINI MASCULINO,MINI,1er ETAPA LFF,Fase Regular,Copa Febamba,NIVELACION,Desconocida,CENTRO 2,NIVELACION,CENTRO,2
2025,MINI MASCULINO,MINI,1er ETAPA LFF,Fase Regular,Copa Febamba,NIVELACION,Desconocida,CENTRO 3,NIVELACION,CENTRO,3
2025,MINI MASCULINO,MINI,1er ETAPA LFF,Fase Regular,Copa Febamba,NIVELACION,Desconocida,CENTRO OESTE 4,NIVELACION,CENTRO OESTE,4
2025,MINI MASCULINO,MINI,1er ETAPA LFF,Fase Regular,Copa Febamba,NIVELACION,Desconocida,CENTRO OESTE 5,NIVELACION,CENTRO OESTE,5
2025,MINI MASCULINO,MINI,1er ETAPA LFF,Fase Regular,Copa Febamba,NIVELACION,Desconocida,CENTRO OESTE  6,NIVELACION,CENTRO OESTE,6
2025,MINI MASCULINO,MINI,1er ETAPA LFF,Fase Regular,Copa Febamba,NIVELACION,Desconocida,OESTE 1,NIVELACION,OESTE,1
2025,MINI MASCULINO,MINI,1er ETAPA LFF,Fase Regular,Copa Febamba,NIVELACION,Desconocida,OESTE 2,NIVELACION,OESTE,2
2025,MINI MASCULINO,MINI,1er ETAPA LFF,Fase Regular,Copa Febamba,NIVELACION,Desconocida,OESTE 3,NIVELACION,OESTE,3
2025,MINI MASCULINO,MINI,1er ETAPA LFF,Fase Regular,Copa Febamba,NIVELACION,Desconocida,OESTE 4,NIVELACION,OESTE,4
2025,MINI MASCULINO,MINI,1er ETAPA LFF,Fase Regular,Copa Febamba,NIVELACION,Desconocida,OESTE 5,NIVELACION,OESTE,5
2025,MINI MASCULINO,MINI,1er ETAPA LFF,Fase Regular,Copa Febamba,NIVELACION,Desconocida,OESTE 6,NIVELACION,OESTE,6
2025,PRE MINI MASCULINO,PREMINI,2do SEMESTRE,Desconocida,Desconocida,Desconocido,Desconocida,INTERCONFERENCIAS A1,NIVELACION,Desconocido,Desconocido
2025,PRE MINI MASCULINO,PREMINI,2do SEMESTRE,Desconocida,Desconocida,Desconocido,Desconocida,INTERCONFERENCIAS A2,NIVELACION,Desconocido,Desconocido
2025,PRE MINI MASCULINO,PREMINI,2do SEMESTRE,Desconocida,Desconocida,Desconocido,Desconocida,INTERCONFERENCIAS A 3,NIVELACION,Desconocido,Desconocido
2025,PRE MINI MASCULINO,PREMINI,2do SEMESTRE,Desconocida,Desconocida,Desconocido,Desconocida,INTERCONFERENCIAS A 4,NIVELACION,Desconocido,Desconocido
2025,PRE MINI MASCULINO,PREMINI,2do SEMESTRE,Desconocida,Desconocida,Desconocido,Desconocida,INTERCONFERENCIAS B1,NIVELACION,Desconocido,Desconocido
2025,PRE MINI MASCULINO,PREMINI,2do SEMESTRE,Desconocida,Desconocida,Desconocido,Desconocida,INTERCONFERENCIAS B 2,NIVELACION,Desconocido,Desconocido
2025,PRE MINI MASCULINO,PREMINI,2do SEMESTRE,Desconocida,Desconocida,Desconocido,Desconocida,INTERCONFERENCIAS B 3,NIVELACION,Desconocido,Desconocido
2025,PRE MINI MASCULINO,PREMINI,2do SEMESTRE,Desconocida,Desconocida,Desconocido,Desconocida,INTERCONFERNCIAS B 4,NIVELACION,Desconocido,Desconocido
2025,PRE MINI MASCULINO,PREMINI,2do SEMESTRE,Desconocida,Desconocida,Desconocido,Desconocida,CENTRO 1,NIVELACION,Desconocido,Desconocido
2025,PRE MINI MASCULINO,PREMINI,2do SEMESTRE,Desconocida,Desconocida,Desconocido,Desconocida,NORTE 1,NIVELACION,Desconocido,Desconocido
2025,PRE MINI MASCULINO,PREMINI,2do SEMESTRE,Desconocida,Desconocida,Desconocido,Desconocida,SUR 1,NIVELACION,Desconocido,Desconocido
2025,PRE MINI MASCULINO,PREMINI,2do SEMESTRE,Desconocida,Desconocida,Desconocido,Desconocida,OESTE 1,NIVELACION,Desconocido,Desconocido
2025,PRE MINI MASCULINO,PREMINI,2do SEMESTRE,Desconocida,Desconocida,Desconocido,Desconocida,CENTRO 2,NIVELACION,Desconocido,Desconocido
2025,PRE MINI MASCULINO,PREMINI,2do SEMESTRE,Desconocida,Desconocida,Desconocido,Desconocida,NORTE 2 A,NIVELACION,Desconocido,Desconocido
2025,PRE MINI MASCULINO,PREMINI,2do SEMESTRE,Desconocida,Desconocida,Desconocido,Desconocida,NORTE 2 B,NIVELACION,Desconocido,Desconocido
2025,PRE MINI MASCULINO,PREMINI,2do SEMESTRE,Desconocida,Desconocida,Desconocido,Desconocida,SUR 2 A,NIVELACION,Desconocido,Desconocido
2025,PRE MINI MASCULINO,PREMINI,2do SEMESTRE,Desconocida,Desconocida,Desconocido,Desconocida,SUR 2 B,NIVELACION,Desconocido,Desconocido
2025,PRE MINI MASCULINO,PREMINI,2do SEMESTRE,Desconocida,Desconocida,Desconocido,Desconocida,SUR 2 C,NIVELACION,Desconocido,Desconocido
2025,PRE MINI MASCULINO,PREMINI,2do SEMESTRE,Desconocida,Desconocida,Desconocido,Desconocida,OESTE 2 A,NIVELACION,Desconocido,Desconocido
2025,PRE MINI MASCULINO,PREMINI,2do SEMESTRE,Desconocida,Desconocida,Desconocido,Desconocida,OESTE 2 B,NIVELACION,Desconocido,Desconocido
2025,PRE MINI MASCULINO,PREMINI,2do SEMESTRE,Desconocida,Desconocida,Desconocido,Desconocida,CENTRO 3,NIVELACION,Desconocido,Desconocido
2025,PRE MINI MASCULINO,PREMINI,2do SEMESTRE,Desconocida,Desconocida,Desconocido,Desconocida,NORTE 3,NIVELACION,Desconocido,Desconocido
2025,PRE MINI MASCULINO,PREMINI,2do SEMESTRE,Desconocida,Desconocida,Desconocido,Desconocida,OESTE 3,NIVELACION,Desconocido,Desconocido
2025,PRE MINI MASCULINO,PREMINI,2do SEMESTRE,Desconocida,Desconocida,Desconocido,Desconocida,SUR 3,NIVELACION,Desconocido,Desconocido
2025,PRE MINI MASCULINO,PREMINI,1er ETAPA LFF,Fase Regular,Copa Febamba,NIVELACION,Desconocida,SUR 1,NIVELACION,SUR,1
2025,PRE MINI MASCULINO,PREMINI,1er ETAPA LFF,Fase Regular,Copa Febamba,NIVELACION,Desconocida,SUR 2,NIVELACION,SUR,2
2025,PRE MINI MASCULINO,PREMINI,1er ETAPA LFF,Fase Regular,Copa Febamba,NIVELACION,Desconocida,SUR 3,NIVELACION,SUR,3
2025,PRE MINI MASCULINO,PREMINI,1er ETAPA LFF,Fase Regular,Copa Febamba,NIVELACION,Desconocida,SUR 4,NIVELACION,SUR,4
2025,PRE MINI MASCULINO,PREMINI,1er ETAPA LFF,Fase Regular,Copa Febamba,NIVELACION,Desconocida,SUR 5,NIVELACION,SUR,5
2025,PRE MINI MASCULINO,PREMINI,1er ETAPA LFF,Fase Regular,Copa Febamba,NIVELACION,Desconocida,SUR 6,NIVELACION,SUR,6
2025,PRE MINI MASCULINO,PREMINI,1er ETAPA LFF,Fase Regular,Copa Febamba,NIVELACION,Desconocida,SUR 7,NIVELACION,SUR,7
2025,PRE MINI MASCULINO,PREMINI,1er ETAPA LFF,Fase Regular,Copa Febamba,NIVELACION,Desconocida,NORTE 1,NIVELACION,NORTE,1
2025,PRE MINI MASCULINO,PREMINI,1er ETAPA LFF,Fase Regular,Copa Febamba,NIVELACION,Desconocida,NORTE 2,NIVELACION,NORTE,2
2025,PRE MINI MASCULINO,PREMINI,1er ETAPA LFF,Fase Regular,Copa Febamba,NIVELACION,Desconocida,NORTE 3,NIVELACION,NORTE,3
2025,PRE MINI MASCULINO,PREMINI,1er ETAPA LFF,Fase Regular,Copa Febamba,NIVELACION,Desconocida,NORTE 4,NIVELACION,NORTE,4
2025,PRE MINI MASCULINO,PREMINI,1er ETAPA LFF,Fase Regular,Copa Febamba,NIVELACION,Desconocida,NORTE 5,NIVELACION,NORTE,5
2025,PRE MINI MASCULINO,PREMINI,1er ETAPA LFF,Fase Regular,Copa Febamba,NIVELACION,Desconocida,NORTE 6,NIVELACION,NORTE,6
2025,PRE MINI MASCULINO,PREMINI,1er ETAPA LFF,Fase Regular,Copa Febamba,NIVELACION,Desconocida,CENTRO 1,NIVELACION,CENTRO,1
2025,PRE MINI MASCULINO,PREMINI,1er ETAPA LFF,Fase Regular,Copa Febamba,NIVELACION,Desconocida,CENTRO 2,NIVELACION,CENTRO,2
2025,PRE MINI MASCULINO,PREMINI,1er ETAPA LFF,Fase Regular,Copa Febamba,NIVELACION,Desconocida,CENTRO 3,NIVELACION,CENTRO,3
2025,PRE MINI MASCULINO,PREMINI,1er ETAPA LFF,Fase Regular,Copa Febamba,NIVELACION,Desconocida,CENTRO OESTE 4,NIVELACION,CENTRO OESTE,4
2025,PRE MINI MASCULINO,PREMINI,1er ETAPA LFF,Fase Regular,Copa Febamba,NIVELACION,Desconocida,CENTRO OESTE 5,NIVELACION,CENTRO OESTE,5
2025,PRE MINI MASCULINO,PREMINI,1er ETAPA LFF,Fase Regular,Copa Febamba,NIVELACION,Desconocida,CENTRO OESTE  6,NIVELACION,CENTRO OESTE,6
2025,PRE MINI MASCULINO,PREMINI,1er ETAPA LFF,Fase Regular,Copa Febamba,NIVELACION,Desconocida,OESTE 1,NIVELACION,OESTE,1
2025,PRE MINI MASCULINO,PREMINI,1er ETAPA LFF,Fase Regular,Copa Febamba,NIVELACION,Desconocida,OESTE 2,NIVELACION,OESTE,2
2025,PRE MINI MASCULINO,PREMINI,1er ETAPA LFF,Fase Regular,Copa Febamba,NIVELACION,Desconocida,OESTE 3,NIVELACION,OESTE,3
2025,PRE MINI MASCULINO,PREMINI,1er ETAPA LFF,Fase Regular,Copa Febamba,NIVELACION,Desconocida,OESTE 4,NIVELACION,OESTE,4
2025,PRE MINI MASCULINO,PREMINI,1er ETAPA LFF,Fase Regular,Copa Febamba,NIVELACION,Desconocida,OESTE 5,NIVELACION,OESTE,5
2025,PRE MINI MASCULINO,PREMINI,1er ETAPA LFF,Fase Regular,Copa Febamba,NIVELACION,Desconocida,OESTE 6,NIVELACION,OESTE,6
2026,LIGA PROXIMO MASCULINO,LIGA PROXIMO MASCULINO,TORNEO DE CLASIFICACION,Desconocida,Desconocida,Desconocido,Desconocida,NORTE 1A,Desconocido,Desconocido,NORTE 1A
2026,LIGA PROXIMO MASCULINO,LIGA PROXIMO MASCULINO,TORNEO DE CLASIFICACION,Desconocida,Desconocida,Desconocido,Desconocida,CENTRO 1A,Desconocido,Desconocido,CENTRO 1A
2026,LIGA PROXIMO MASCULINO,LIGA PROXIMO MASCULINO,TORNEO DE CLASIFICACION,Desconocida,Desconocida,Desconocido,Desconocida,OESTE 1A,Desconocido,Desconocido,OESTE 1A
2026,LIGA PROXIMO MASCULINO,LIGA PROXIMO MASCULINO,TORNEO DE CLASIFICACION,Desconocida,Desconocida,Desconocido,Desconocida,SUR 1A,Desconocido,Desconocido,SUR 1A
2026,LIGA PROXIMO MASCULINO,LIGA PROXIMO MASCULINO,TORNEO DE CLASIFICACION,Desconocida,Desconocida,Desconocido,Desconocida,NORTE 2B,Desconocido,Desconocido,NORTE 2B
2026,LIGA PROXIMO MASCULINO,LIGA PROXIMO MASCULINO,TORNEO DE CLASIFICACION,Desconocida,Desconocida,Desconocido,Desconocida,CENTRO 2B,Desconocido,Desconocido,CENTRO 2B
2026,LIGA PROXIMO MASCULINO,LIGA PROXIMO MASCULINO,TORNEO DE CLASIFICACION,Desconocida,Desconocida,Desconocido,Desconocida,OESTE 2B,Desconocido,Desconocido,OESTE 2B
2026,LIGA PROXIMO MASCULINO,LIGA PROXIMO MASCULINO,TORNEO DE CLASIFICACION,Desconocida,Desconocida,Desconocido,Desconocida,SUR 2B,Desconocido,Desconocido,SUR 2B
2026,LIGA PROXIMO MASCULINO,LIGA PROXIMO MASCULINO,TORNEO DE CLASIFICACION,Desconocida,Desconocida,Desconocido,Desconocida,NORTE 3C,Desconocido,Desconocido,NORTE 3C
2026,LIGA PROXIMO MASCULINO,LIGA PROXIMO MASCULINO,TORNEO DE CLASIFICACION,Desconocida,Desconocida,Desconocido,Desconocida,CENTRO 3C,Desconocido,Desconocido,CENTRO 3C
2026,LIGA PROXIMO MASCULINO,LIGA PROXIMO MASCULINO,TORNEO DE CLASIFICACION,Desconocida,Desconocida,Desconocido,Desconocida,OESTE 3C,Desconocido,Desconocido,OESTE 3C
2026,LIGA PROXIMO MASCULINO,LIGA PROXIMO MASCULINO,TORNEO DE CLASIFICACION,Desconocida,Desconocida,Desconocido,Desconocida,SUR 3C,Desconocido,Desconocido,SUR 3C
2026,LIGA PROXIMO MASCULINO,LIGA PROXIMO MASCULINO,TORNEO RECLASIFICACION,Desconocida,Desconocida,Desconocido,Desconocida,CENTRO 2A,Desconocido,Desconocido,CENTRO 2A
2026,LIGA PROXIMO MASCULINO,LIGA PROXIMO MASCULINO,TORNEO RECLASIFICACION,Desconocida,Desconocida,Desconocido,Desconocida,CENTRO 2B,Desconocido,Desconocido,CENTRO 2B
2026,LIGA PROXIMO MASCULINO,LIGA PROXIMO MASCULINO,TORNEO RECLASIFICACION,Desconocida,Desconocida,Desconocido,Desconocida,NORTE 2A,Desconocido,Desconocido,NORTE 2A
2026,LIGA PROXIMO MASCULINO,LIGA PROXIMO MASCULINO,TORNEO RECLASIFICACION,Desconocida,Desconocida,Desconocido,Desconocida,NORTE 2B,Desconocido,Desconocido,NORTE 2B
2026,LIGA PROXIMO MASCULINO,LIGA PROXIMO MASCULINO,TORNEO RECLASIFICACION,Desconocida,Desconocida,Desconocido,Desconocida,NORTE 3C,Desconocido,Desconocido,NORTE 3C
2026,LIGA PROXIMO MASCULINO,LIGA PROXIMO MASCULINO,TORNEO RECLASIFICACION,Desconocida,Desconocida,Desconocido,Desconocida,OESTE 2A,Desconocido,Desconocido,OESTE 2A
2026,LIGA PROXIMO MASCULINO,LIGA PROXIMO MASCULINO,TORNEO RECLASIFICACION,Desconocida,Desconocida,Desconocido,Desconocida,OESTE 2B,Desconocido,Desconocido,OESTE 2B
2026,LIGA PROXIMO MASCULINO,LIGA PROXIMO MASCULINO,TORNEO RECLASIFICACION,Desconocida,Desconocida,Desconocido,Desconocida,OESTE 3C,Desconocido,Desconocido,OESTE 3C
2026,LIGA PROXIMO MASCULINO,LIGA PROXIMO MASCULINO,TORNEO RECLASIFICACION,Desconocida,Desconocida,Desconocido,Desconocida,SUR 2A,Desconocido,Desconocido,SUR 2A
2026,LIGA PROXIMO MASCULINO,LIGA PROXIMO MASCULINO,TORNEO RECLASIFICACION,Desconocida,Desconocida,Desconocido,Desconocida,SUR 2B,Desconocido,Desconocido,SUR 2B
2026,LIGA PROXIMO MASCULINO,LIGA PROXIMO MASCULINO,TORNEO RECLASIFICACION,Desconocida,Desconocida,Desconocido,Desconocida,SUR 2C,Desconocido,Desconocido,SUR 2C
2026,JUVENILES MASCULINO,JUVENILES MASCULINO,TORNEO DE CLASIFICACION,Desconocida,Desconocida,Desconocido,Desconocida,NORTE 1A,Desconocido,Desconocido,NORTE 1A
2026,JUVENILES MASCULINO,JUVENILES MASCULINO,TORNEO DE CLASIFICACION,Desconocida,Desconocida,Desconocido,Desconocida,CENTRO 1A,Desconocido,Desconocido,CENTRO 1A
2026,JUVENILES MASCULINO,JUVENILES MASCULINO,TORNEO DE CLASIFICACION,Desconocida,Desconocida,Desconocido,Desconocida,0ESTE 1A,Desconocido,Desconocido,0ESTE 1A
2026,JUVENILES MASCULINO,JUVENILES MASCULINO,TORNEO DE CLASIFICACION,Desconocida,Desconocida,Desconocido,Desconocida,SUR 1A,Desconocido,Desconocido,SUR 1A
2026,JUVENILES MASCULINO,JUVENILES MASCULINO,TORNEO DE CLASIFICACION,Desconocida,Desconocida,Desconocido,Desconocida,NORTE 2B,Desconocido,Desconocido,NORTE 2B
2026,JUVENILES MASCULINO,JUVENILES MASCULINO,TORNEO DE CLASIFICACION,Desconocida,Desconocida,Desconocido,Desconocida,CENTRO 2 B,Desconocido,Desconocido,CENTRO 2 B
2026,JUVENILES MASCULINO,JUVENILES MASCULINO,TORNEO DE CLASIFICACION,Desconocida,Desconocida,Desconocido,Desconocida,OESTE 2 B,Desconocido,Desconocido,OESTE 2 B
2026,JUVENILES MASCULINO,JUVENILES MASCULINO,TORNEO DE CLASIFICACION,Desconocida,Desconocida,Desconocido,Desconocida,SUR 2B,Desconocido,Desconocido,SUR 2B
2026,JUVENILES MASCULINO,JUVENILES MASCULINO,TORNEO DE CLASIFICACION,Desconocida,Desconocida,Desconocido,Desconocida,NORTE 3C,Desconocido,Desconocido,NORTE 3C
2026,JUVENILES MASCULINO,JUVENILES MASCULINO,TORNEO DE CLASIFICACION,Desconocida,Desconocida,Desconocido,Desconocida,CENTRO 3C,Desconocido,Desconocido,CENTRO 3C
2026,JUVENILES MASCULINO,JUVENILES MASCULINO,TORNEO DE CLASIFICACION,Desconocida,Desconocida,Desconocido,Desconocida,OESTE 3C,Desconocido,Desconocido,OESTE 3C
2026,JUVENILES MASCULINO,JUVENILES MASCULINO,TORNEO DE CLASIFICACION,Desconocida,Desconocida,Desconocido,Desconocida,SUR 3C,Desconocido,Desconocido,SUR 3C
2026,JUVENILES MASCULINO,JUVENILES MASCULINO,TORNEO RECLASIFICATORIO,Desconocida,Desconocida,Desconocido,Desconocida,CENTRO 2A,Desconocido,Desconocido,CENTRO 2A
2026,JUVENILES MASCULINO,JUVENILES MASCULINO,TORNEO RECLASIFICATORIO,Desconocida,Desconocida,Desconocido,Desconocida,CENTRO 2B,Desconocido,Desconocido,CENTRO 2B
2026,JUVENILES MASCULINO,JUVENILES MASCULINO,TORNEO RECLASIFICATORIO,Desconocida,Desconocida,Desconocido,Desconocida,NORTE 2A,Desconocido,Desconocido,NORTE 2A
2026,JUVENILES MASCULINO,JUVENILES MASCULINO,TORNEO RECLASIFICATORIO,Desconocida,Desconocida,Desconocido,Desconocida,NORTE 2B,Desconocido,Desconocido,NORTE 2B
2026,JUVENILES MASCULINO,JUVENILES MASCULINO,TORNEO RECLASIFICATORIO,Desconocida,Desconocida,Desconocido,Desconocida,NORTE 3C,Desconocido,Desconocido,NORTE 3C
2026,JUVENILES MASCULINO,JUVENILES MASCULINO,TORNEO RECLASIFICATORIO,Desconocida,Desconocida,Desconocido,Desconocida,OESTE 2 A,Desconocido,Desconocido,OESTE 2 A
2026,JUVENILES MASCULINO,JUVENILES MASCULINO,TORNEO RECLASIFICATORIO,Desconocida,Desconocida,Desconocido,Desconocida,OESTE 2B,Desconocido,Desconocido,OESTE 2B
2026,JUVENILES MASCULINO,JUVENILES MASCULINO,TORNEO RECLASIFICATORIO,Desconocida,Desconocida,Desconocido,Desconocida,OESTE 3C,Desconocido,Desconocido,OESTE 3C
2026,JUVENILES MASCULINO,JUVENILES MASCULINO,TORNEO RECLASIFICATORIO,Desconocida,Desconocida,Desconocido,Desconocida,SUR 2A,Desconocido,Desconocido,SUR 2A
2026,JUVENILES MASCULINO,JUVENILES MASCULINO,TORNEO RECLASIFICATORIO,Desconocida,Desconocida,Desconocido,Desconocida,SUR 2B,Desconocido,Desconocido,SUR 2B
2026,JUVENILES MASCULINO,JUVENILES MASCULINO,TORNEO RECLASIFICATORIO,Desconocida,Desconocida,Desconocido,Desconocida,SUR 2C,Desconocido,Desconocido,SUR 2C
2026,CADETES MASCULINO,CADETES MASCULINO,TORNEO RECLASIFICATORIO,Desconocida,Desconocida,Desconocido,Desconocida,CENTRO 2A,Desconocido,Desconocido,CENTRO 2A
2026,CADETES MASCULINO,CADETES MASCULINO,TORNEO RECLASIFICATORIO,Desconocida,Desconocida,Desconocido,Desconocida,CENTRO 2B,Desconocido,Desconocido,CENTRO 2B
2026,CADETES MASCULINO,CADETES MASCULINO,TORNEO RECLASIFICATORIO,Desconocida,Desconocida,Desconocido,Desconocida,NORTE 2A,Desconocido,Desconocido,NORTE 2A
2026,CADETES MASCULINO,CADETES MASCULINO,TORNEO RECLASIFICATORIO,Desconocida,Desconocida,Desconocido,Desconocida,NORTE 2B,Desconocido,Desconocido,NORTE 2B
2026,CADETES MASCULINO,CADETES MASCULINO,TORNEO RECLASIFICATORIO,Desconocida,Desconocida,Desconocido,Desconocida,NORTE 3C,Desconocido,Desconocido,NORTE 3C
2026,CADETES MASCULINO,CADETES MASCULINO,TORNEO RECLASIFICATORIO,Desconocida,Desconocida,Desconocido,Desconocida,OESTE 2 A,Desconocido,Desconocido,OESTE 2 A
2026,CADETES MASCULINO,CADETES MASCULINO,TORNEO RECLASIFICATORIO,Desconocida,Desconocida,Desconocido,Desconocida,OESTE 2B,Desconocido,Desconocido,OESTE 2B
2026,CADETES MASCULINO,CADETES MASCULINO,TORNEO RECLASIFICATORIO,Desconocida,Desconocida,Desconocido,Desconocida,OESTE 3C,Desconocido,Desconocido,OESTE 3C
2026,CADETES MASCULINO,CADETES MASCULINO,TORNEO RECLASIFICATORIO,Desconocida,Desconocida,Desconocido,Desconocida,SUR 2A,Desconocido,Desconocido,SUR 2A
2026,CADETES MASCULINO,CADETES MASCULINO,TORNEO RECLASIFICATORIO,Desconocida,Desconocida,Desconocido,Desconocida,SUR 2B,Desconocido,Desconocido,SUR 2B
2026,CADETES MASCULINO,CADETES MASCULINO,TORNEO RECLASIFICATORIO,Desconocida,Desconocida,Desconocido,Desconocida,SUR 2C,Desconocido,Desconocido,SUR 2C
2026,CADETES MASCULINO,CADETES MASCULINO,TORNEO DE CLASIFICACION,Desconocida,Desconocida,Desconocido,Desconocida,NORTE 1A,Desconocido,Desconocido,NORTE 1A
2026,CADETES MASCULINO,CADETES MASCULINO,TORNEO DE CLASIFICACION,Desconocida,Desconocida,Desconocido,Desconocida,CENTRO 1A,Desconocido,Desconocido,CENTRO 1A
2026,CADETES MASCULINO,CADETES MASCULINO,TORNEO DE CLASIFICACION,Desconocida,Desconocida,Desconocido,Desconocida,0ESTE 1A,Desconocido,Desconocido,0ESTE 1A
2026,CADETES MASCULINO,CADETES MASCULINO,TORNEO DE CLASIFICACION,Desconocida,Desconocida,Desconocido,Desconocida,SUR 1A,Desconocido,Desconocido,SUR 1A
2026,CADETES MASCULINO,CADETES MASCULINO,TORNEO DE CLASIFICACION,Desconocida,Desconocida,Desconocido,Desconocida,NORTE 2B,Desconocido,Desconocido,NORTE 2B
2026,CADETES MASCULINO,CADETES MASCULINO,TORNEO DE CLASIFICACION,Desconocida,Desconocida,Desconocido,Desconocida,CENTRO 2 B,Desconocido,Desconocido,CENTRO 2 B
2026,CADETES MASCULINO,CADETES MASCULINO,TORNEO DE CLASIFICACION,Desconocida,Desconocida,Desconocido,Desconocida,OESTE 2 B,Desconocido,Desconocido,OESTE 2 B
2026,CADETES MASCULINO,CADETES MASCULINO,TORNEO DE CLASIFICACION,Desconocida,Desconocida,Desconocido,Desconocida,SUR 2B,Desconocido,Desconocido,SUR 2B
2026,CADETES MASCULINO,CADETES MASCULINO,TORNEO DE CLASIFICACION,Desconocida,Desconocida,Desconocido,Desconocida,NORTE 3C,Desconocido,Desconocido,NORTE 3C
2026,CADETES MASCULINO,CADETES MASCULINO,TORNEO DE CLASIFICACION,Desconocida,Desconocida,Desconocido,Desconocida,CENTRO 3C,Desconocido,Desconocido,CENTRO 3C
2026,CADETES MASCULINO,CADETES MASCULINO,TORNEO DE CLASIFICACION,Desconocida,Desconocida,Desconocido,Desconocida,OESTE 3C,Desconocido,Desconocido,OESTE 3C
2026,CADETES MASCULINO,CADETES MASCULINO,TORNEO DE CLASIFICACION,Desconocida,Desconocida,Desconocido,Desconocida,SUR 3C,Desconocido,Desconocido,SUR 3C
2026,INFANTILES MASCULINO,INFANTILES MASCULINO,TORNEO RECLASIFICATORIO,Desconocida,Desconocida,Desconocido,Desconocida,CENTRO 2A,Desconocido,Desconocido,CENTRO 2A
2026,INFANTILES MASCULINO,INFANTILES MASCULINO,TORNEO RECLASIFICATORIO,Desconocida,Desconocida,Desconocido,Desconocida,CENTRO 2B,Desconocido,Desconocido,CENTRO 2B
2026,INFANTILES MASCULINO,INFANTILES MASCULINO,TORNEO RECLASIFICATORIO,Desconocida,Desconocida,Desconocido,Desconocida,NORTE 2A,Desconocido,Desconocido,NORTE 2A
2026,INFANTILES MASCULINO,INFANTILES MASCULINO,TORNEO RECLASIFICATORIO,Desconocida,Desconocida,Desconocido,Desconocida,NORTE 2B,Desconocido,Desconocido,NORTE 2B
2026,INFANTILES MASCULINO,INFANTILES MASCULINO,TORNEO RECLASIFICATORIO,Desconocida,Desconocida,Desconocido,Desconocida,NORTE 3C,Desconocido,Desconocido,NORTE 3C
2026,INFANTILES MASCULINO,INFANTILES MASCULINO,TORNEO RECLASIFICATORIO,Desconocida,Desconocida,Desconocido,Desconocida,OESTE 2 A,Desconocido,Desconocido,OESTE 2 A
2026,INFANTILES MASCULINO,INFANTILES MASCULINO,TORNEO RECLASIFICATORIO,Desconocida,Desconocida,Desconocido,Desconocida,OESTE 2B,Desconocido,Desconocido,OESTE 2B
2026,INFANTILES MASCULINO,INFANTILES MASCULINO,TORNEO RECLASIFICATORIO,Desconocida,Desconocida,Desconocido,Desconocida,OESTE 3C,Desconocido,Desconocido,OESTE 3C
2026,INFANTILES MASCULINO,INFANTILES MASCULINO,TORNEO RECLASIFICATORIO,Desconocida,Desconocida,Desconocido,Desconocida,SUR 2A,Desconocido,Desconocido,SUR 2A
2026,INFANTILES MASCULINO,INFANTILES MASCULINO,TORNEO RECLASIFICATORIO,Desconocida,Desconocida,Desconocido,Desconocida,SUR 2B,Desconocido,Desconocido,SUR 2B
2026,INFANTILES MASCULINO,INFANTILES MASCULINO,TORNEO RECLASIFICATORIO,Desconocida,Desconocida,Desconocido,Desconocida,SUR 2C,Desconocido,Desconocido,SUR 2C
2026,INFANTILES MASCULINO,INFANTILES MASCULINO,TORNEO DE CLASIFICACION,Desconocida,Desconocida,Desconocido,Desconocida,NORTE 1A,Desconocido,Desconocido,NORTE 1A
2026,INFANTILES MASCULINO,INFANTILES MASCULINO,TORNEO DE CLASIFICACION,Desconocida,Desconocida,Desconocido,Desconocida,CENTRO 1A,Desconocido,Desconocido,CENTRO 1A
2026,INFANTILES MASCULINO,INFANTILES MASCULINO,TORNEO DE CLASIFICACION,Desconocida,Desconocida,Desconocido,Desconocida,0ESTE 1A,Desconocido,Desconocido,0ESTE 1A
2026,INFANTILES MASCULINO,INFANTILES MASCULINO,TORNEO DE CLASIFICACION,Desconocida,Desconocida,Desconocido,Desconocida,SUR 1A,Desconocido,Desconocido,SUR 1A
2026,INFANTILES MASCULINO,INFANTILES MASCULINO,TORNEO DE CLASIFICACION,Desconocida,Desconocida,Desconocido,Desconocida,NORTE 2B,Desconocido,Desconocido,NORTE 2B
2026,INFANTILES MASCULINO,INFANTILES MASCULINO,TORNEO DE CLASIFICACION,Desconocida,Desconocida,Desconocido,Desconocida,CENTRO 2 B,Desconocido,Desconocido,CENTRO 2 B
2026,INFANTILES MASCULINO,INFANTILES MASCULINO,TORNEO DE CLASIFICACION,Desconocida,Desconocida,Desconocido,Desconocida,OESTE 2 B,Desconocido,Desconocido,OESTE 2 B
2026,INFANTILES MASCULINO,INFANTILES MASCULINO,TORNEO DE CLASIFICACION,Desconocida,Desconocida,Desconocido,Desconocida,SUR 2B,Desconocido,Desconocido,SUR 2B
2026,INFANTILES MASCULINO,INFANTILES MASCULINO,TORNEO DE CLASIFICACION,Desconocida,Desconocida,Desconocido,Desconocida,NORTE 3C,Desconocido,Desconocido,NORTE 3C
2026,INFANTILES MASCULINO,INFANTILES MASCULINO,TORNEO DE CLASIFICACION,Desconocida,Desconocida,Desconocido,Desconocida,CENTRO 3C,Desconocido,Desconocido,CENTRO 3C
2026,INFANTILES MASCULINO,INFANTILES MASCULINO,TORNEO DE CLASIFICACION,Desconocida,Desconocida,Desconocido,Desconocida,OESTE 3C,Desconocido,Desconocido,OESTE 3C
2026,INFANTILES MASCULINO,INFANTILES MASCULINO,TORNEO DE CLASIFICACION,Desconocida,Desconocida,Desconocido,Desconocida,SUR 3C,Desconocido,Desconocido,SUR 3C
2026,MINI MASCULINO,MINI,TORNEO RECLASIFICATORIO,Desconocida,Desconocida,Desconocido,Desconocida,CENTRO 2A,Desconocido,Desconocido,CENTRO 2A
2026,MINI MASCULINO,MINI,TORNEO RECLASIFICATORIO,Desconocida,Desconocida,Desconocido,Desconocida,CENTRO 2B,Desconocido,Desconocido,CENTRO 2B
2026,MINI MASCULINO,MINI,TORNEO RECLASIFICATORIO,Desconocida,Desconocida,Desconocido,Desconocida,NORTE 2A,Desconocido,Desconocido,NORTE 2A
2026,MINI MASCULINO,MINI,TORNEO RECLASIFICATORIO,Desconocida,Desconocida,Desconocido,Desconocida,NORTE 2B,Desconocido,Desconocido,NORTE 2B
2026,MINI MASCULINO,MINI,TORNEO RECLASIFICATORIO,Desconocida,Desconocida,Desconocido,Desconocida,NORTE 3C,Desconocido,Desconocido,NORTE 3C
2026,MINI MASCULINO,MINI,TORNEO RECLASIFICATORIO,Desconocida,Desconocida,Desconocido,Desconocida,OESTE 2 A,Desconocido,Desconocido,OESTE 2 A
2026,MINI MASCULINO,MINI,TORNEO RECLASIFICATORIO,Desconocida,Desconocida,Desconocido,Desconocida,OESTE 2B,Desconocido,Desconocido,OESTE 2B
2026,MINI MASCULINO,MINI,TORNEO RECLASIFICATORIO,Desconocida,Desconocida,Desconocido,Desconocida,OESTE 3C,Desconocido,Desconocido,OESTE 3C
2026,MINI MASCULINO,MINI,TORNEO RECLASIFICATORIO,Desconocida,Desconocida,Desconocido,Desconocida,SUR 2A,Desconocido,Desconocido,SUR 2A
2026,MINI MASCULINO,MINI,TORNEO RECLASIFICATORIO,Desconocida,Desconocida,Desconocido,Desconocida,SUR 2B,Desconocido,Desconocido,SUR 2B
2026,MINI MASCULINO,MINI,TORNEO RECLASIFICATORIO,Desconocida,Desconocida,Desconocido,Desconocida,SUR 2C,Desconocido,Desconocido,SUR 2C
2026,MINI MASCULINO,MINI,TORNEO DE CLASIFICACION,Desconocida,Desconocida,Desconocido,Desconocida,NORTE 1A,Desconocido,Desconocido,NORTE 1A
2026,MINI MASCULINO,MINI,TORNEO DE CLASIFICACION,Desconocida,Desconocida,Desconocido,Desconocida,CENTRO 1A,Desconocido,Desconocido,CENTRO 1A
2026,MINI MASCULINO,MINI,TORNEO DE CLASIFICACION,Desconocida,Desconocida,Desconocido,Desconocida,0ESTE 1A,Desconocido,Desconocido,0ESTE 1A
2026,MINI MASCULINO,MINI,TORNEO DE CLASIFICACION,Desconocida,Desconocida,Desconocido,Desconocida,SUR 1A,Desconocido,Desconocido,SUR 1A
2026,MINI MASCULINO,MINI,TORNEO DE CLASIFICACION,Desconocida,Desconocida,Desconocido,Desconocida,NORTE 2B,Desconocido,Desconocido,NORTE 2B
2026,MINI MASCULINO,MINI,TORNEO DE CLASIFICACION,Desconocida,Desconocida,Desconocido,Desconocida,CENTRO 2 B,Desconocido,Desconocido,CENTRO 2 B
2026,MINI MASCULINO,MINI,TORNEO DE CLASIFICACION,Desconocida,Desconocida,Desconocido,Desconocida,OESTE 2 B,Desconocido,Desconocido,OESTE 2 B
2026,MINI MASCULINO,MINI,TORNEO DE CLASIFICACION,Desconocida,Desconocida,Desconocido,Desconocida,SUR 2B,Desconocido,Desconocido,SUR 2B
2026,MINI MASCULINO,MINI,TORNEO DE CLASIFICACION,Desconocida,Desconocida,Desconocido,Desconocida,NORTE 3C,Desconocido,Desconocido,NORTE 3C
2026,MINI MASCULINO,MINI,TORNEO DE CLASIFICACION,Desconocida,Desconocida,Desconocido,Desconocida,CENTRO 3C,Desconocido,Desconocido,CENTRO 3C
2026,MINI MASCULINO,MINI,TORNEO DE CLASIFICACION,Desconocida,Desconocida,Desconocido,Desconocida,OESTE 3C,Desconocido,Desconocido,OESTE 3C
2026,MINI MASCULINO,MINI,TORNEO DE CLASIFICACION,Desconocida,Desconocida,Desconocido,Desconocida,SUR 3C,Desconocido,Desconocido,SUR 3C
2026,PRE MINI MASCULINO,PREMINI,TORNEO RECLASIFICATORIO,Desconocida,Desconocida,Desconocido,Desconocida,CENTRO 2A,Desconocido,Desconocido,CENTRO 2A
2026,PRE MINI MASCULINO,PREMINI,TORNEO RECLASIFICATORIO,Desconocida,Desconocida,Desconocido,Desconocida,CENTRO 2B,Desconocido,Desconocido,CENTRO 2B
2026,PRE MINI MASCULINO,PREMINI,TORNEO RECLASIFICATORIO,Desconocida,Desconocida,Desconocido,Desconocida,NORTE 2A,Desconocido,Desconocido,NORTE 2A
2026,PRE MINI MASCULINO,PREMINI,TORNEO RECLASIFICATORIO,Desconocida,Desconocida,Desconocido,Desconocida,NORTE 2B,Desconocido,Desconocido,NORTE 2B
2026,PRE MINI MASCULINO,PREMINI,TORNEO RECLASIFICATORIO,Desconocida,Desconocida,Desconocido,Desconocida,NORTE 3C,Desconocido,Desconocido,NORTE 3C
2026,PRE MINI MASCULINO,PREMINI,TORNEO RECLASIFICATORIO,Desconocida,Desconocida,Desconocido,Desconocida,OESTE 2 A,Desconocido,Desconocido,OESTE 2 A
2026,PRE MINI MASCULINO,PREMINI,TORNEO RECLASIFICATORIO,Desconocida,Desconocida,Desconocido,Desconocida,OESTE 2B,Desconocido,Desconocido,OESTE 2B
2026,PRE MINI MASCULINO,PREMINI,TORNEO RECLASIFICATORIO,Desconocida,Desconocida,Desconocido,Desconocida,OESTE 3C,Desconocido,Desconocido,OESTE 3C
2026,PRE MINI MASCULINO,PREMINI,TORNEO RECLASIFICATORIO,Desconocida,Desconocida,Desconocido,Desconocida,SUR 2A,Desconocido,Desconocido,SUR 2A
2026,PRE MINI MASCULINO,PREMINI,TORNEO RECLASIFICATORIO,Desconocida,Desconocida,Desconocido,Desconocida,SUR 2B,Desconocido,Desconocido,SUR 2B
2026,PRE MINI MASCULINO,PREMINI,TORNEO RECLASIFICATORIO,Desconocida,Desconocida,Desconocido,Desconocida,SUR 2C,Desconocido,Desconocido,SUR 2C
2026,PRE MINI MASCULINO,PREMINI,TORNEO DE CLASIFICACION,Desconocida,Desconocida,Desconocido,Desconocida,NORTE 1A,Desconocido,Desconocido,NORTE 1A
2026,PRE MINI MASCULINO,PREMINI,TORNEO DE CLASIFICACION,Desconocida,Desconocida,Desconocido,Desconocida,CENTRO 1A,Desconocido,Desconocido,CENTRO 1A
2026,PRE MINI MASCULINO,PREMINI,TORNEO DE CLASIFICACION,Desconocida,Desconocida,Desconocido,Desconocida,0ESTE 1A,Desconocido,Desconocido,0ESTE 1A
2026,PRE MINI MASCULINO,PREMINI,TORNEO DE CLASIFICACION,Desconocida,Desconocida,Desconocido,Desconocida,SUR 1A,Desconocido,Desconocido,SUR 1A
2026,PRE MINI MASCULINO,PREMINI,TORNEO DE CLASIFICACION,Desconocida,Desconocida,Desconocido,Desconocida,CENTRO 2 B,Desconocido,Desconocido,CENTRO 2 B
2026,PRE MINI MASCULINO,PREMINI,TORNEO DE CLASIFICACION,Desconocida,Desconocida,Desconocido,Desconocida,OESTE 2 B,Desconocido,Desconocido,OESTE 2 B
2026,PRE MINI MASCULINO,PREMINI,TORNEO DE CLASIFICACION,Desconocida,Desconocida,Desconocido,Desconocida,SUR 2B,Desconocido,Desconocido,SUR 2B
2026,PRE MINI MASCULINO,PREMINI,TORNEO DE CLASIFICACION,Desconocida,Desconocida,Desconocido,Desconocida,NORTE 3C,Desconocido,Desconocido,NORTE 3C
2026,PRE MINI MASCULINO,PREMINI,TORNEO DE CLASIFICACION,Desconocida,Desconocida,Desconocido,Desconocida,CENTRO 3C,Desconocido,Desconocido,CENTRO 3C
2026,PRE MINI MASCULINO,PREMINI,TORNEO DE CLASIFICACION,Desconocida,Desconocida,Desconocido,Desconocida,OESTE 3C,Desconocido,Desconocido,OESTE 3C
2026,PRE MINI MASCULINO,PREMINI,TORNEO DE CLASIFICACION,Desconocida,Desconocida,Desconocido,Desconocida,SUR 3C,Desconocido,Desconocido,SUR 3C
2026,PRE MINI MASCULINO,PREMINI,TORNEO DE CLASIFICACION,Desconocida,Desconocida,Desconocido,Desconocida,NORTE 2B,Desconocido,Desconocido,NORTE 2B
2026,MOSQUITOS MASCULINO,MOSQUITOS MASCULINO,2do ENCUENTRO,Desconocida,Desconocida,Desconocido,Desconocida,SEDE COOP. TORTUGUITAS,Desconocido,Desconocido,SEDE COOP. TORTUGUITAS
2026,MOSQUITOS MASCULINO,MOSQUITOS MASCULINO,2do ENCUENTRO,Desconocida,Desconocida,Desconocido,Desconocida,SEDE V.ADELINA,Desconocido,Desconocido,SEDE V.ADELINA
2026,MOSQUITOS MASCULINO,MOSQUITOS MASCULINO,2do ENCUENTRO,Desconocida,Desconocida,Desconocido,Desconocida,SEDE SAN FERNANDO,Desconocido,Desconocido,SEDE SAN FERNANDO
2026,MOSQUITOS MASCULINO,MOSQUITOS MASCULINO,2do ENCUENTRO,Desconocida,Desconocida,Desconocido,Desconocida,SEDE VICTORIA,Desconocido,Desconocido,SEDE VICTORIA
2026,MOSQUITOS MASCULINO,MOSQUITOS MASCULINO,2do ENCUENTRO,Desconocida,Desconocida,Desconocido,Desconocida,SEDE MIDLAND,Desconocido,Desconocido,SEDE MIDLAND
2026,MOSQUITOS MASCULINO,MOSQUITOS MASCULINO,2do ENCUENTRO,Desconocida,Desconocida,Desconocido,Desconocida,SEDE ARG. DE CASTELAR,Desconocido,Desconocido,SEDE ARG. DE CASTELAR
2026,MOSQUITOS MASCULINO,MOSQUITOS MASCULINO,2do ENCUENTRO,Desconocida,Desconocida,Desconocido,Desconocida,SEDE CLARIDAD,Desconocido,Desconocido,SEDE CLARIDAD
2026,MOSQUITOS MASCULINO,MOSQUITOS MASCULINO,2do ENCUENTRO,Desconocida,Desconocida,Desconocido,Desconocida,SEDE LOS INDIOS,Desconocido,Desconocido,SEDE LOS INDIOS
2026,MOSQUITOS MASCULINO,MOSQUITOS MASCULINO,2do ENCUENTRO,Desconocida,Desconocida,Desconocido,Desconocida,SEDE ARQUITECTURA,Desconocido,Desconocido,SEDE ARQUITECTURA
2026,MOSQUITOS MASCULINO,MOSQUITOS MASCULINO,2do ENCUENTRO,Desconocida,Desconocida,Desconocido,Desconocida,SEDE IMPERIO,Desconocido,Desconocido,SEDE IMPERIO
2026,MOSQUITOS MASCULINO,MOSQUITOS MASCULINO,2do ENCUENTRO,Desconocida,Desconocida,Desconocido,Desconocida,SEDE YUPANQUI,Desconocido,Desconocido,SEDE YUPANQUI
2026,MOSQUITOS MASCULINO,MOSQUITOS MASCULINO,2do ENCUENTRO,Desconocida,Desconocida,Desconocido,Desconocida,SEDE ALL BOYS,Desconocido,Desconocido,SEDE ALL BOYS
2026,MOSQUITOS MASCULINO,MOSQUITOS MASCULINO,2do ENCUENTRO,Desconocida,Desconocida,Desconocido,Desconocida,SEDE QUILMES,Desconocido,Desconocido,SEDE QUILMES
2026,MOSQUITOS MASCULINO,MOSQUITOS MASCULINO,2do ENCUENTRO,Desconocida,Desconocida,Desconocido,Desconocida,SEDE TALLERES,Desconocido,Desconocido,SEDE TALLERES
2026,MOSQUITOS MASCULINO,MOSQUITOS MASCULINO,2do ENCUENTRO,Desconocida,Desconocida,Desconocido,Desconocida,SEDE G Y E LOMAS,Desconocido,Desconocido,SEDE G Y E LOMAS
2026,MOSQUITOS MASCULINO,MOSQUITOS MASCULINO,2do ENCUENTRO,Desconocida,Desconocida,Desconocido,Desconocida,SEDE U.VILLEGAS,Desconocido,Desconocido,SEDE U.VILLEGAS
2026,MOSQUITOS MASCULINO,MOSQUITOS MASCULINO,2do ENCUENTRO,Desconocida,Desconocida,Desconocido,Desconocida,SEDE WILDE,Desconocido,Desconocido,SEDE WILDE
2026,MOSQUITOS MASCULINO,MOSQUITOS MASCULINO,2do ENCUENTRO,Desconocida,Desconocida,Desconocido,Desconocida,SEDE TAMBEROS,Desconocido,Desconocido,SEDE TAMBEROS
2026,MOSQUITOS MASCULINO,MOSQUITOS MASCULINO,2do ENCUENTRO,Desconocida,Desconocida,Desconocido,Desconocida,GRUPO 21,Desconocido,Desconocido,GRUPO 21
2026,MOSQUITOS MASCULINO,MOSQUITOS MASCULINO,2do ENCUENTRO,Desconocida,Desconocida,Desconocido,Desconocida,GRUPO 22,Desconocido,Desconocido,GRUPO 22
2026,MOSQUITOS MASCULINO,MOSQUITOS MASCULINO,2do ENCUENTRO,Desconocida,Desconocida,Desconocido,Desconocida,GRUPO 23,Desconocido,Desconocido,GRUPO 23
2026,MOSQUITOS MASCULINO,MOSQUITOS MASCULINO,2do ENCUENTRO,Desconocida,Desconocida,Desconocido,Desconocida,GRUPO 24,Desconocido,Desconocido,GRUPO 24
2026,MOSQUITOS MASCULINO,MOSQUITOS MASCULINO,1ER ENCUENTRO,Desconocida,Desconocida,Desconocido,Desconocida,SEDE SAN FERNANDO,Desconocido,Desconocido,SEDE SAN FERNANDO
2026,MOSQUITOS MASCULINO,MOSQUITOS MASCULINO,1ER ENCUENTRO,Desconocida,Desconocida,Desconocido,Desconocida,SEDE BELLA VISTA,Desconocido,Desconocido,SEDE BELLA VISTA
2026,MOSQUITOS MASCULINO,MOSQUITOS MASCULINO,1ER ENCUENTRO,Desconocida,Desconocida,Desconocido,Desconocida,SEDE SP.BALLESTER,Desconocido,Desconocido,SEDE SP.BALLESTER
2026,MOSQUITOS MASCULINO,MOSQUITOS MASCULINO,1ER ENCUENTRO,Desconocida,Desconocida,Desconocido,Desconocida,SEDE VICTORIA,Desconocido,Desconocido,SEDE VICTORIA
2026,MOSQUITOS MASCULINO,MOSQUITOS MASCULINO,1ER ENCUENTRO,Desconocida,Desconocida,Desconocido,Desconocida,SEDE LOS INDIOS,Desconocido,Desconocido,SEDE LOS INDIOS
2026,MOSQUITOS MASCULINO,MOSQUITOS MASCULINO,1ER ENCUENTRO,Desconocida,Desconocida,Desconocido,Desconocida,SEDE MORON,Desconocido,Desconocido,SEDE MORON
2026,MOSQUITOS MASCULINO,MOSQUITOS MASCULINO,1ER ENCUENTRO,Desconocida,Desconocida,Desconocido,Desconocida,SEDE NOLTING,Desconocido,Desconocido,SEDE NOLTING
2026,MOSQUITOS MASCULINO,MOSQUITOS MASCULINO,1ER ENCUENTRO,Desconocida,Desconocida,Desconocido,Desconocida,SEDDE PEDRO ECHAGUE,Desconocido,Desconocido,SEDDE PEDRO ECHAGUE
2026,MOSQUITOS MASCULINO,MOSQUITOS MASCULINO,1ER ENCUENTRO,Desconocida,Desconocida,Desconocido,Desconocida,SEDE CROVARA,Desconocido,Desconocido,SEDE CROVARA
2026,MOSQUITOS MASCULINO,MOSQUITOS MASCULINO,1ER ENCUENTRO,Desconocida,Desconocida,Desconocido,Desconocida,SEDDE C.COPELLO,Desconocido,Desconocido,SEDDE C.COPELLO
2026,MOSQUITOS MASCULINO,MOSQUITOS MASCULINO,1ER ENCUENTRO,Desconocida,Desconocida,Desconocido,Desconocida,SEDE COLON,Desconocido,Desconocido,SEDE COLON
2026,MOSQUITOS MASCULINO,MOSQUITOS MASCULINO,1ER ENCUENTRO,Desconocida,Desconocida,Desconocido,Desconocida,SEDE L.GUILLON,Desconocido,Desconocido,SEDE L.GUILLON
2026,MOSQUITOS MASCULINO,MOSQUITOS MASCULINO,1ER ENCUENTRO,Desconocida,Desconocida,Desconocido,Desconocida,SEDE J.U.CAÑUELAS,Desconocido,Desconocido,SEDE J.U.CAÑUELAS
2026,MOSQUITOS MASCULINO,MOSQUITOS MASCULINO,1ER ENCUENTRO,Desconocida,Desconocida,Desconocido,Desconocida,SEDE BURZACO F.C,Desconocido,Desconocido,SEDE BURZACO F.C
2026,MOSQUITOS MASCULINO,MOSQUITOS MASCULINO,1ER ENCUENTRO,Desconocida,Desconocida,Desconocido,Desconocida,SEDE SARMIENTO,Desconocido,Desconocido,SEDE SARMIENTO
2026,MOSQUITOS MASCULINO,MOSQUITOS MASCULINO,1ER ENCUENTRO,Desconocida,Desconocida,Desconocido,Desconocida,SEDE TALLERES,Desconocido,Desconocido,SEDE TALLERES
