equipo,zona
ALL BOYS BLANCO,CENTRO
ARGENTINOS JUNIORS,CENTRO
ARQUITECTURA BLANCO,CENTRO
ARQUITECTURA BLANCO  B,CENTRO
ARQUITECTURA NEGRO  A,CENTRO
ARQUITECTURA NEGRO A,CENTRO
COLEGIALES BLANCO,CENTRO
COLEGIALES NEGRO,CENTRO
EL TALAR,CENTRO
FERROCARRIL OESTE A,CENTRO
FERROCARRIL OESTE B,CENTRO
GEBA,CENTRO
IMPERIO BLANCO  A,CENTRO
IMPERIO BLANCO A,CENTRO
IMPERIO NEGRO,CENTRO
IMPERIO NEGRO B,CENTRO
ITALIANO,CENTRO
ITALIANO B,CENTRO
"JOSE HERNANDEZ ""B""",CENTRO
MACABI,CENTRO
PEDRO ECHAGUE AZUL A,CENTRO
PINOCHO,CENTRO
PINOCHO BLANCO,CENTRO
SAN LORENZO AZUL,CENTRO
VILLA MITRE,CENTRO
17 DE AGOSTO,NORTE
ATLETICO BOULOGNE,NORTE
BANADE ROJO,NORTE
BANCO NACION AZUL A,NORTE
BANCO NACION BLANCO B,NORTE
BANCO PROVINCIA,NORTE
BELLA VISTA,NORTE
CAZA Y PESCA AZUL A,NORTE
CAZA Y PESCA BLANCO B,NORTE
CENTRO GALICIA,NORTE
CIRCULO URQUIZA,NORTE
CIUDAD DE BUENOS AIRES AZUL A,NORTE
CIUDAD DE BUENOS AIRES BLANCO B,NORTE
CLUB 3 DE FEBRERO AZUL B,NORTE
CLUB 3 DE FEBRERO BLANCO A,NORTE
CLUB 3 DE FEBRERO CELESTE C,NORTE
CLUB ATLETICO PILAR,NORTE
CLUB SOCIAL Y DEPORTIVO ARENAL,NORTE
CLUB SPORTIVO PILAR,NORTE
COMUNICACIONES,NORTE
COOPERATIVA TORTUGUITAS,NORTE
COPELLO,NORTE
HARRODS GATH Y CHAVES,NORTE
HEBRAICA,NORTE
INDEPENDIENTE DE ESCOBAR,NORTE
LAS HERAS A,NORTE
LIBRE,NORTE
NAUTICO BUCHARDO A,NORTE
NAUTICO BUCHARDO B,NORTE
"NAUTICO HACOAJ AZUL ""B""",NORTE
"NAUTICO HACOAJ BLANCO ""A""",NORTE
OBRAS BASKET,NORTE
PLATENSE BLANCO,NORTE
PLATENSE MARRON,NORTE
PRESIDENTE DERQUI,NORTE
RIVER PLATE,NORTE
SAN ANDRES,NORTE
SAN FERNANDO AZUL (A),NORTE
SAN FERNANDO BLANCO (B),NORTE
SOCIAL BECCAR,NORTE
SPORTIVO ESCOBAR,NORTE
SPORTIVO VILLA BALLESTER,NORTE
U.V.V.A UNION VECINAL VILLA ADELINA,NORTE
UNION FLORIDA,NORTE
UNION VECINAL DE MUNRO,NORTE
UNIVERSIDAD DE BUENOS AIRES,NORTE
"VICTORIA BLANCO ""B""",NORTE
"VICTORIA NEGRO ""A""",NORTE
A.F.A.L.P. A,OESTE
ARGENTINO DE CASTELAR CENTRO B,OESTE
ARGENTINO DE CASTELAR NORTE A,OESTE
ARGENTINO DE CASTELAR SUR C,OESTE
ATENEO POPULAR VERSAILLES,OESTE
C.A.S.A PADUA A,OESTE
C.A.S.A PADUA B,OESTE
CEDEM,OESTE
CENTRO ESPAÑOL,OESTE
CIUDADELA NORTE,OESTE
CLUB CEPA,OESTE
CLUB PORTUGUES DEL GRAN BUENOS AIRES,OESTE
Club GEI AZUL,OESTE
Club GEI BLANCO,OESTE
DEFENSORES DE HURLINGHAM  BLANCO B,OESTE
DEFENSORES DE HURLINGHAM VERDE A,OESTE
DEFENSORES DE MORENO NEGRO,OESTE
DEFENSORES DE MORENO ROJO,OESTE
DEFENSORES DE MORENO ROJO B,OESTE
DEFENSORES DE SANTOS LUGARES,OESTE
DEP. MORON BLANCO,OESTE
DEP. MORON ROJO,OESTE
EL PALOMAR,OESTE
EL PORVENIR JOSE C. PAZ,OESTE
"ESTUDIANTIL PORTEÑO  ""A""",OESTE
ESTUDIANTIL PORTEÑO A,OESTE
ESTUDIANTIL PORTEÑO B,OESTE
GEVP BLANCO,OESTE
GEVP BLANCO A,OESTE
HURACAN DE SAN JUSTO BLANCO,OESTE
HURACAN DE SAN JUSTO ROJO,OESTE
INDIOS U11 BLANCO,OESTE
INDIOS U11 NEGRO,OESTE
INDIOS U13 BLANCO,OESTE
INDIOS U13 NEGRO,OESTE
INDIOS U15 BLANCO,OESTE
INDIOS U15 NEGRO,OESTE
INDIOS U17 BLANCO,OESTE
INDIOS U17 NEGRO,OESTE
INDIOS U21 BLANCO,OESTE
INDIOS U21 NEGRO,OESTE
INDIOS U9 BLANCO,OESTE
INDIOS U9 NEGRO,OESTE
INSTITUCION SARMIENTO BLANCO B,OESTE
INSTITUCION SARMIENTO VERDE A,OESTE
ITALIANO DE JOSE C PAZ,OESTE
LEANDRO N ALEM,OESTE
MIDLAND,OESTE
MORON BLANCO,OESTE
MORON ROJO,OESTE
PASO DEL REY SOCIAL CLUB,OESTE
PORTEÑO AZUL A,OESTE
PORTEÑO BLANCO B,OESTE
PREMINI B  ROJO,OESTE
RAMOS MEJIA LTC,OESTE
SAN MIGUEL BLANCO,OESTE
SAN MIGUEL VERDE,OESTE
SITAS,OESTE
SPORTIVO HAEDO,OESTE
UNITARIOS DE MARCOS PAZ,OESTE
VELEZ SARSFIELD BLANCO,OESTE
ARGENTINO DE QUILMES,SUR
BERAZATEGUI,SUR
BOCA JUNIORS A,SUR
BOCA JUNIORS AMARILLO,SUR
BURZACO FC AZUL A,SUR
BURZACO FC B,SUR
BURZACO FC- AZUL A,SUR
C.S.D.Y C. MORENO,SUR
CAÑUELAS FC,SUR
CLUB  ATLETICO Y PROGRESO DE BRANDSEN,SUR
CLUB  SOCIAL Y  DEPORTIVO TAMBEROS UNIDOS,SUR
CLUB ATLETICO BERNAL,SUR
CLUB ATLETICO PAMPERO,SUR
CLUB EL FOGON,SUR
CLUB GIMNASIA Y ESGRIMA LA PLATA AZUL,SUR
CLUB GIMNASIA Y ESGRIMA LA PLATA BLANCO,SUR
CLUB SOCIAL ALEJANDRO KORN,SUR
CLUB SOCIAL EZEIZA,SUR
COLON FC,SUR
COOPERARIOS,SUR
COUNTRY BANFIELD A,SUR
COUNTRY BANFIELD B,SUR
DEFENSORES DE BANFIELD,SUR
DEFENSORES DE GLEW,SUR
GIMNASIA Y ESGRIMA DE LOMAS DE ZAMORA,SUR
GIMNASIA Y ESGRIMA DE LOMAS DE ZAMORA B,SUR
GUILLON BASQUET,SUR
GUILLON BÁSQUET,SUR
INDEPENDIENTE,SUR
INDEPENDIENTE DE BURZACO,SUR
INDEPENDIENTE ROJO,SUR
JUVENTUD UNIDA,SUR
LA UNION,SUR
LANUS A,SUR
LANUS B,SUR
LOBOS ATHLETIC CLUB,SUR
LOS ANDES,SUR
LUZ Y ARTE,SUR
MONTE GRANDE A  ROJO,SUR
MONTE GRANDE NEGRO,SUR
MUNICIPALIDAD DE AVELLANEDA,SUR
OLIMPO,SUR
QUILMES A.C.,SUR
RACING CLUB,SUR
SOCIAL LANUS,SUR
SPORTIVO ALSINA,SUR
TALLERES,SUR
TAPONAZO  FUTBOL CLUB,SUR
TEMPERLEY,SUR
TRISTAN SUAREZ,SUR
VARELA JRS,SUR
VILLA ESPAÑA,SUR
VILLEGAS BASQUET,SUR
WILDE SPORTING,SUR
ALDO BONZI,CENTRO OESTE
ALL BOYS DE SAAVEDRA,CENTRO OESTE
ARMENIA,CENTRO OESTE
CLARIDAD,CENTRO OESTE
CLUB ATLETICO HURACAN DE PARQUE PATRICIOS,CENTRO OESTE
"DEPORTIVO CROVARA  ""A""",CENTRO OESTE
DEPORTIVO CROVARA B,CENTRO OESTE
ESTRELLA DE BOEDO,CENTRO OESTE
FERROCARRIL OESTE C,CENTRO OESTE
GEVP CELESTE B,CENTRO OESTE
"JOSE HERNANDEZ ""A""",CENTRO OESTE
JOSE HERNANDEZ A,CENTRO OESTE
JUVENCIA,CENTRO OESTE
NOLTING,CENTRO OESTE
NUEVA CHICAGO,CENTRO OESTE
PEDRO ECHAGUE AMARILLO B,CENTRO OESTE
PINOCHO VERDE,CENTRO OESTE
RACING ANEXO,CENTRO OESTE
SAN LORENZO ROJO B,CENTRO OESTE
UNIVERSIDAD DE LA MATANZA,CENTRO OESTE
VELEZ SARSFIELD AZUL,CENTRO OESTE
YUPANQUI,CENTRO OESTE
