id;club_base;inconsistente;motivo;sugerencia;n_norm_distintos;n_raw_distintos;anios;2023;2024;2025;2026
t0002;A.F.A.L.P.;True;"2 nombres normalizados distintos; 3 textos crudos en distintas temporadas";A.F.A.L.P. A;2;3;2023,2024,2025,2026;A.F.A.L.P. A → A.F.A.L.P. A [mapa] (152) | A.F.A.L.P. B → A.F.A.L.P. B [mapa] (120) | A.F.A.L.P.  B → A.F.A.L.P. B [mapa] (25);A.F.A.L.P. A → A.F.A.L.P. A [mapa] (189) | A.F.A.L.P. B → A.F.A.L.P. B [mapa] (123) | A.F.A.L.P.  B → A.F.A.L.P. B [mapa] (26);A.F.A.L.P. A → A.F.A.L.P. A [mapa] (168);A.F.A.L.P. A → A.F.A.L.P. A [mapa] (30)
t0004;ALL BOYS;True;"2 nombres normalizados distintos; 2 textos crudos en distintas temporadas; cambia el texto en CSV entre años";ALL BOYS A;2;2;2023,2024,2025,2026;ALL BOYS BLANCO → ALL BOYS A [mapa] (154) | ALL BOYS NEGRO → ALL BOYS B [mapa] (124);ALL BOYS BLANCO → ALL BOYS A [mapa] (185) | ALL BOYS NEGRO → ALL BOYS B [mapa] (173);ALL BOYS BLANCO → ALL BOYS A [mapa] (160);ALL BOYS NEGRO → ALL BOYS B [mapa] (39) | ALL BOYS BLANCO → ALL BOYS A [mapa] (36)
t0007;ARGENTINO DE CASTELAR;True;"2 nombres normalizados distintos; 4 textos crudos en distintas temporadas; cambia el texto en CSV entre años";ARGENTINO DE CASTELAR B;2;4;2023,2024,2025,2026;ARGENTINO DE CASTELAR CENTRO → ARGENTINO DE CASTELAR B [mapa] (152) | ARGENTINO DE CASTELAR NORTE → ARGENTINO DE CASTELAR A [mapa] (152);ARGENTINO DE CASTELAR CENTRO → ARGENTINO DE CASTELAR B [mapa] (333) | ARGENTINO DE CASTELAR NORTE → ARGENTINO DE CASTELAR A [mapa] (186);ARGENTINO DE CASTELAR NORTE A → ARGENTINO DE CASTELAR A [mapa] (170) | ARGENTINO DE CASTELAR CENTRO B → ARGENTINO DE CASTELAR B [mapa] (156);ARGENTINO DE CASTELAR CENTRO B → ARGENTINO DE CASTELAR B [mapa] (33) | ARGENTINO DE CASTELAR NORTE A → ARGENTINO DE CASTELAR A [mapa] (30)
t0012;ARQUITECTURA;True;"2 nombres normalizados distintos; 6 textos crudos en distintas temporadas; cambia el texto en CSV entre años";ARQUITECTURA A;2;6;2023,2024,2025,2026;ARQUITECTURA NEGRO → ARQUITECTURA A [mapa] (159);ARQUITECTURA NEGRO → ARQUITECTURA A [mapa] (174) | ARQUITECTURA BLANCO → ARQUITECTURA B [mapa] (169);ARQUITECTURA BLANCO  B → ARQUITECTURA B [mapa] (105) | ARQUITECTURA NEGRO  A → ARQUITECTURA A [mapa] (105) | ARQUITECTURA NEGRO A → ARQUITECTURA A [mapa] (50) | ARQUITECTURA BLANCO → ARQUITECTURA B [mapa] (50);ARQUITECTURA NEGRO A → ARQUITECTURA A [mapa] (36) | ARQUITECTURA BLANCO B → ARQUITECTURA B [mapa] (36)
t0017;BANADE;True;"2 nombres normalizados distintos; 3 textos crudos en distintas temporadas; cambia el texto en CSV entre años";BANADE A;2;3;2023,2024,2025,2026;BANADE → BANADE A [mapa] (146);BANADE → BANADE A [mapa] (181) | BANADE AMARILLO → BANADE B [mapa] (53);BANADE ROJO → BANADE A [mapa] (169);BANADE ROJO → BANADE A [mapa] (30)
t0018;BANCO NACION;True;"2 nombres normalizados distintos; 2 textos crudos en distintas temporadas; cambia el texto en CSV entre años";BANCO NACION A;2;2;2025,2026;—;—;BANCO NACION AZUL A → BANCO NACION A [mapa] (169) | BANCO NACION BLANCO B → BANCO NACION B [mapa] (149);BANCO NACION BLANCO B → BANCO NACION B [mapa] (41) | BANCO NACION AZUL A → BANCO NACION A [mapa] (29)
t0020;BANCO PROVINCIA;True;"2 nombres normalizados distintos; 2 textos crudos en distintas temporadas";BANCO PROVINCIA A;2;2;2023,2024,2025,2026;BANCO PROVINCIA → BANCO PROVINCIA A [mapa] (155) | BANCO PROVINCIA B → BANCO PROVINCIA B [mapa] (147);BANCO PROVINCIA → BANCO PROVINCIA A [mapa] (184);BANCO PROVINCIA → BANCO PROVINCIA A [mapa] (181);BANCO PROVINCIA → BANCO PROVINCIA A [mapa] (36)
t0024;BOCA JUNIORS;True;"2 nombres normalizados distintos; 6 textos crudos en distintas temporadas; cambia el texto en CSV entre años";BOCA JUNIORS A;2;6;2023,2024,2025,2026;"BOCA JUNIORS AZUL → BOCA JUNIORS A [mapa] (150) | BOCA JUNIORS AMARILLO → BOCA JUNIORS B [mapa] (114) | BOCA JUNIORS  ""AMARILLO"" → BOCA JUNIORS B [mapa] (25)";BOCA JUNIORS AZUL → BOCA JUNIORS A [mapa] (183) | BOCA JUNIORS AMARILLO → BOCA JUNIORS B [mapa] (167);BOCA JUNIORS A → BOCA JUNIORS A [mapa] (173) | BOCA JUNIORS AMARILLO → BOCA JUNIORS B [mapa] (154);BOCA JUNIORS AZUL A → BOCA JUNIORS A [mapa] (36) | BOCA JUNIORS AMARILLO B → BOCA JUNIORS B [mapa] (36)
t0025;BURZACO FC;True;"2 nombres normalizados distintos; 7 textos crudos en distintas temporadas; cambia el texto en CSV entre años";BURZACO FC A;2;7;2023,2024,2025,2026;BURZACO FC A → BURZACO FC A [mapa] (144);BURZACO FC A → BURZACO FC A [mapa] (188) | BURZACO FC B → BURZACO FC B [mapa] (143) | BURZACO FC  B → BURZACO FC B [mapa] (21);BURZACO FC ROJO B → BURZACO FC B [mapa] (130) | BURZACO FC Azul A → BURZACO FC A [mapa] (77) | BURZACO FC AZUL A → BURZACO FC A [mapa] (55) | BURZACO FC- AZUL A → BURZACO FC A [mapa] (26);BURZACO FC A → BURZACO FC A [mapa] (35)
t0026;C.A.S.A PADUA;True;"2 nombres normalizados distintos; 2 textos crudos en distintas temporadas";C.A.S.A PADUA A;2;2;2023,2024,2025,2026;C.A.S.A PADUA A → C.A.S.A PADUA A [mapa] (156) | C.A.S.A PADUA B → C.A.S.A PADUA B [mapa] (154);C.A.S.A PADUA A → C.A.S.A PADUA A [mapa] (188) | C.A.S.A PADUA B → C.A.S.A PADUA B [mapa] (178);C.A.S.A PADUA A → C.A.S.A PADUA A [mapa] (177) | C.A.S.A PADUA B → C.A.S.A PADUA B [mapa] (153);C.A.S.A PADUA A → C.A.S.A PADUA A [mapa] (36) | C.A.S.A PADUA B → C.A.S.A PADUA B [mapa] (16)
t0028;CAZA Y PESCA;True;"2 nombres normalizados distintos; 5 textos crudos en distintas temporadas; cambia el texto en CSV entre años";CAZA Y PESCA A;2;5;2023,2024,2025,2026;CAZA Y PESCA A → CAZA Y PESCA A [mapa] (157) | CAZA Y PESCA B → CAZA Y PESCA B [mapa] (151);CAZA Y PESCA A → CAZA Y PESCA A [mapa] (194) | CAZA Y PESCA B → CAZA Y PESCA B [mapa] (141);CAZA Y PESCA AZUL A → CAZA Y PESCA A [mapa] (176) | CAZA Y PESCA BLANCO B → CAZA Y PESCA B [mapa] (162);CAZA Y PESCA AZUL A → CAZA Y PESCA A [mapa] (36) | CAZA Y PESCA VERDE B → CAZA Y PESCA B [mapa] (30)
t0033;CIRCULO URQUIZA;True;"2 nombres normalizados distintos; 3 textos crudos en distintas temporadas; cambia el texto en CSV entre años";CIRCULO URQUIZA A;2;3;2023,2024,2025,2026;CIRCULO URQUIZA AZUL → CIRCULO URQUIZA A [mapa] (147) | CIRCULO URQUIZA BLANCO → CIRCULO URQUIZA B [mapa] (126);CIRCULO URQUIZA AZUL → CIRCULO URQUIZA A [mapa] (172) | CIRCULO URQUIZA BLANCO → CIRCULO URQUIZA B [mapa] (155);CIRCULO URQUIZA → CIRCULO URQUIZA A [mapa] (168);CIRCULO URQUIZA → CIRCULO URQUIZA A [mapa] (33)
t0034;CIUDAD DE BUENOS AIRES;True;"2 nombres normalizados distintos; 5 textos crudos en distintas temporadas; cambia el texto en CSV entre años";CIUDAD DE BUENOS AIRES A;2;5;2023,2024,2025,2026;CIUDAD DE BUENOS AIRES B → CIUDAD DE BUENOS AIRES B [mapa] (144) | CIUDAD DE BUENOS AIRES A → CIUDAD DE BUENOS AIRES A [mapa] (132) | CIUDAD DE BUENOS AIRES → CIUDAD DE BUENOS AIRES A [mapa] (26);CIUDAD DE BUENOS AIRES → CIUDAD DE BUENOS AIRES A [mapa] (185) | CIUDAD DE BUENOS AIRES B → CIUDAD DE BUENOS AIRES B [mapa] (168);CIUDAD DE BUENOS AIRES AZUL A → CIUDAD DE BUENOS AIRES A [mapa] (175) | CIUDAD DE BUENOS AIRES BLANCO B → CIUDAD DE BUENOS AIRES B [mapa] (163);CIUDAD DE BUENOS AIRES AZUL A → CIUDAD DE BUENOS AIRES A [mapa] (24)
t0055;CLUB SOCIAL ALEJANDRO KORN;True;"2 textos crudos en distintas temporadas; cambia el texto en CSV entre años (mapeo ya unifica)";CLUB SOCIAL ALEJANDRO KORN;1;2;2023,2024,2025,2026;CLUB  SOCIAL  ALEJANDRO  KORN → CLUB SOCIAL ALEJANDRO KORN [mapa] (159);CLUB  SOCIAL  ALEJANDRO  KORN → CLUB SOCIAL ALEJANDRO KORN [mapa] (188);CLUB SOCIAL ALEJANDRO KORN → CLUB SOCIAL ALEJANDRO KORN (161);CLUB SOCIAL ALEJANDRO KORN → CLUB SOCIAL ALEJANDRO KORN (36)
t0062;CLUB TRES DE FEBRERO;True;"3 nombres normalizados distintos; 7 textos crudos en distintas temporadas; cambia el texto en CSV entre años";CLUB TRES DE FEBRERO B;3;7;2023,2024,2025,2026;CLUB TRES DE FEBRERO BLANCO → CLUB TRES DE FEBRERO A [mapa] (156) | CLUB TRES DE FEBRERO AZUL → CLUB TRES DE FEBRERO B [mapa] (150);CLUB TRES DE FEBRERO BLANCO → CLUB TRES DE FEBRERO A [mapa] (184) | CLUB TRES DE FEBRERO AZUL → CLUB TRES DE FEBRERO B [mapa] (181);CLUB 3 DE FEBRERO BLANCO A → CLUB TRES DE FEBRERO A [mapa] (168) | CLUB 3 DE FEBRERO AZUL B → CLUB TRES DE FEBRERO B [mapa] (156) | CLUB 3 DE FEBRERO CELESTE C → CLUB TRES DE FEBRERO C [mapa] (153);3 DE FEBRERO CELESTE C → CLUB TRES DE FEBRERO C [mapa] (53) | 3 DE FEBRERO AZUL B → CLUB TRES DE FEBRERO B [mapa] (30)
t0063;COLEGIALES;True;"2 nombres normalizados distintos; 2 textos crudos en distintas temporadas";COLEGIALES A;2;2;2023,2024,2025,2026;COLEGIALES BLANCO → COLEGIALES A [mapa] (148) | COLEGIALES NEGRO → COLEGIALES B [mapa] (127);COLEGIALES BLANCO → COLEGIALES A [mapa] (182) | COLEGIALES NEGRO → COLEGIALES B [mapa] (172);COLEGIALES BLANCO → COLEGIALES A [mapa] (158) | COLEGIALES NEGRO → COLEGIALES B [mapa] (155);COLEGIALES BLANCO → COLEGIALES A [mapa] (36) | COLEGIALES NEGRO → COLEGIALES B [mapa] (34)
t0065;COMUNICACIONES;True;"2 nombres normalizados distintos; 5 textos crudos en distintas temporadas; cambia el texto en CSV entre años";COMUNICACIONES A;2;5;2023,2024,2025,2026;COMUNICACIONES → COMUNICACIONES A [mapa] (156);COMUNICACIONES → COMUNICACIONES A [mapa] (187);COMUNICACIONES → COMUNICACIONES A [mapa] (173);COMUNICACIONES AMARILLO A → COMUNICACIONES A [mapa] (30) | COMUNICACIONES NEGRO B → COMUNICACIONES B [mapa] (27) | COMUNICACIONES AMARILLO → COMUNICACIONES A [mapa] (6) | COMUNICACIONES NEGRO → COMUNICACIONES B [mapa] (5)
t0069;COUNTRY BANFIELD;True;"2 nombres normalizados distintos; 3 textos crudos en distintas temporadas; cambia el texto en CSV entre años";COUNTRY BANFIELD A;2;3;2023,2024,2025,2026;COUNTRY BANFIELD → COUNTRY BANFIELD A [mapa] (153);COUNTRY BANFIELD → COUNTRY BANFIELD A [mapa] (188);COUNTRY BANFIELD A → COUNTRY BANFIELD A [mapa] (171) | COUNTRY BANFIELD B → COUNTRY BANFIELD B [mapa] (134);COUNTRY BANFIELD A → COUNTRY BANFIELD A [mapa] (36) | COUNTRY BANFIELD B → COUNTRY BANFIELD B [mapa] (36)
t0073;DEFENSORES DE HURLINGHAM;True;"2 nombres normalizados distintos; 5 textos crudos en distintas temporadas; cambia el texto en CSV entre años";DEFENSORES DE HURLINGHAM A;2;5;2023,2024,2025,2026;DEFENSORES DE HURLINGHAM VERDE → DEFENSORES DE HURLINGHAM A [mapa] (152);DEFENSORES DE HURLINGHAM VERDE → DEFENSORES DE HURLINGHAM A [mapa] (189) | DEFENSORES DE HURLINGHAM  BLANCO → DEFENSORES DE HURLINGHAM B [mapa] (150);DEFENSORES DE HURLINGHAM VERDE A → DEFENSORES DE HURLINGHAM A [mapa] (167) | DEFENSORES DE HURLINGHAM  BLANCO B → DEFENSORES DE HURLINGHAM B [mapa] (159);DEFENSORES DE HURLINGHAM BLANCO → DEFENSORES DE HURLINGHAM B [mapa] (37) | DEFENSORES DE HURLINGHAM VERDE → DEFENSORES DE HURLINGHAM A [mapa] (30)
t0074;DEFENSORES DE MORENO;True;"2 nombres normalizados distintos; 4 textos crudos en distintas temporadas; cambia el texto en CSV entre años";DEFENSORES DE MORENO A;2;4;2023,2024,2025,2026;DEFENSORES DE MORENO → DEFENSORES DE MORENO A [mapa] (130);DEFENSORES DE MORENO → DEFENSORES DE MORENO A [mapa] (155);DEFENSORES DE MORENO NEGRO → DEFENSORES DE MORENO A [mapa] (154) | DEFENSORES DE MORENO ROJO → DEFENSORES DE MORENO B [mapa] (67) | DEFENSORES DE MORENO ROJO B → DEFENSORES DE MORENO B [mapa] (25);DEFENSORES DE MORENO → DEFENSORES DE MORENO A [mapa] (30)
t0076;DEP. MORON;True;"2 nombres normalizados distintos; 2 textos crudos en distintas temporadas";DEP. MORON A;2;2;2023,2024,2025;DEP. MORON BLANCO → DEP. MORON A [mapa] (146) | DEP. MORON ROJO → DEP. MORON B [mapa] (131);DEP. MORON BLANCO → DEP. MORON A [mapa] (187) | DEP. MORON ROJO → DEP. MORON B [mapa] (145);DEP. MORON BLANCO → DEP. MORON A [mapa] (173) | DEP. MORON ROJO → DEP. MORON B [mapa] (123);—
t0077;DEPORTIVO CROVARA;True;"2 nombres normalizados distintos; 2 textos crudos en distintas temporadas; cambia el texto en CSV entre años";DEPORTIVO CROVARA A;2;2;2023,2024,2025,2026;"DEPORTIVO CROVARA  ""A"" → DEPORTIVO CROVARA A [mapa] (155) | DEPORTIVO CROVARA B → DEPORTIVO CROVARA B [mapa] (66)";"DEPORTIVO CROVARA  ""A"" → DEPORTIVO CROVARA A [mapa] (185) | DEPORTIVO CROVARA B → DEPORTIVO CROVARA B [mapa] (169)";"DEPORTIVO CROVARA B → DEPORTIVO CROVARA B [mapa] (157) | DEPORTIVO CROVARA  ""A"" → DEPORTIVO CROVARA A [mapa] (156)";"DEPORTIVO CROVARA B → DEPORTIVO CROVARA B [mapa] (40) | DEPORTIVO CROVARA  ""A"" → DEPORTIVO CROVARA A [mapa] (36)"
t0087;ESTUDIANTIL PORTEÑO;True;"3 nombres normalizados distintos; 4 textos crudos en distintas temporadas; cambia el texto en CSV entre años";ESTUDIANTIL PORTEÑO A;3;4;2023,2024,2025,2026;"ESTUDIANTIL PORTEÑO A → ESTUDIANTIL PORTEÑO A [mapa] (153) | ESTUDIANTIL PORTEÑO B → ESTUDIANTIL PORTEÑO B [mapa] (146) | ESTUDIANTIL PORTEÑO ""C"" → ESTUDIANTIL PORTEÑO C [mapa] (124)";ESTUDIANTIL PORTEÑO A → ESTUDIANTIL PORTEÑO A [mapa] (188) | ESTUDIANTIL PORTEÑO B → ESTUDIANTIL PORTEÑO B [mapa] (176);"ESTUDIANTIL PORTEÑO B → ESTUDIANTIL PORTEÑO B [mapa] (166) | ESTUDIANTIL PORTEÑO A → ESTUDIANTIL PORTEÑO A [mapa] (144) | ESTUDIANTIL PORTEÑO  ""A"" → ESTUDIANTIL PORTEÑO A [mapa] (28)";"ESTUDIANTIL PORTEÑO B → ESTUDIANTIL PORTEÑO B [mapa] (46) | ESTUDIANTIL PORTEÑO  ""A"" → ESTUDIANTIL PORTEÑO A [mapa] (30)"
t0089;FERROCARRIL OESTE;True;"3 nombres normalizados distintos; 9 textos crudos en distintas temporadas; cambia el texto en CSV entre años";FERROCARRIL OESTE A;3;9;2023,2024,2025,2026;FERROCARRIL OESTE A → FERROCARRIL OESTE A [mapa] (158) | FERROCARRIL OESTE B → FERROCARRIL OESTE B [mapa] (146) | FERROCARRIL OESTE C → FERROCARRIL OESTE C [mapa] (131);FERROCARRIL OESTE A → FERROCARRIL OESTE A [mapa] (190) | FERROCARRIL OESTE C → FERROCARRIL OESTE C [mapa] (174) | FERROCARRIL OESTE B → FERROCARRIL OESTE B [mapa] (172);FERROCARRIL OESTE VERDE (A) → FERROCARRIL OESTE A [mapa] (157) | FERROCARRIL OESTE NARANJA (C) → FERROCARRIL OESTE C [mapa] (157) | FERROCARRIL OESTE BLANCO (B) → FERROCARRIL OESTE B [mapa] (156);FERROCARRIL OESTE VERDE → FERROCARRIL OESTE A [mapa] (35) | FERROCARRIL OESTE BLANCO → FERROCARRIL OESTE B [mapa] (30) | FERROCARRIL OESTE NARANJA → FERROCARRIL OESTE C [mapa] (13)
t0093;GEVP;True;"2 nombres normalizados distintos; 4 textos crudos en distintas temporadas; cambia el texto en CSV entre años";GEVP A;2;4;2023,2024,2025,2026;GEVP BLANCO → GEVP A [mapa] (147) | GEVP CELESTE → GEVP B [mapa] (145);GEVP BLANCO → GEVP A [mapa] (186) | GEVP CELESTE → GEVP B [mapa] (175);GEVP CELESTE B → GEVP B [mapa] (159) | GEVP BLANCO A → GEVP A [mapa] (142) | GEVP BLANCO → GEVP A [mapa] (28);GEVP CELESTE B → GEVP B [mapa] (36) | GEVP BLANCO A → GEVP A [mapa] (25) | GEVP BLANCO → GEVP A [mapa] (5)
t0094;GIMNASIA Y ESGRIMA DE ITUZAINGO;True;"2 nombres normalizados distintos; 4 textos crudos en distintas temporadas; cambia el texto en CSV entre años";GIMNASIA Y ESGRIMA DE ITUZAINGO A;2;4;2023,2024,2025,2026;Club GEI AZUL → GIMNASIA Y ESGRIMA DE ITUZAINGO A [mapa] (159) | Club GEI BLANCO → GIMNASIA Y ESGRIMA DE ITUZAINGO B [mapa] (149);Club GEI AZUL → GIMNASIA Y ESGRIMA DE ITUZAINGO A [mapa] (183) | Club GEI BLANCO → GIMNASIA Y ESGRIMA DE ITUZAINGO B [mapa] (145);CLUB GEI AZUL (A) → GIMNASIA Y ESGRIMA DE ITUZAINGO A [mapa] (169) | CLUB GEI BLANCO (B) → GIMNASIA Y ESGRIMA DE ITUZAINGO B [mapa] (164);CLUB GEI AZUL (A) → GIMNASIA Y ESGRIMA DE ITUZAINGO A [mapa] (25) | CLUB GEI BLANCO (B) → GIMNASIA Y ESGRIMA DE ITUZAINGO B [mapa] (25)
t0095;GIMNASIA Y ESGRIMA DE LA;True;"2 nombres normalizados distintos; 5 textos crudos en distintas temporadas; cambia el texto en CSV entre años";GIMNASIA Y ESGRIMA DE LA PLATA A;2;5;2023,2024,2025,2026;CLUB GIMNASIA Y ESGRIMA LA PLATA AZUL → GIMNASIA Y ESGRIMA DE LA PLATA A [mapa] (158) | CLUB GIMNASIA Y ESGRIMA LA PLATA BLANCO → GIMNASIA Y ESGRIMA DE LA PLATA B [mapa] (125);CLUB GIMNASIA Y ESGRIMA LA PLATA AZUL → GIMNASIA Y ESGRIMA DE LA PLATA A [mapa] (188) | CLUB GIMNASIA Y ESGRIMA LA PLATA BLANCO → GIMNASIA Y ESGRIMA DE LA PLATA B [mapa] (80);"CLUB GIMNASIA Y ESGRIMA LA PLATA AZUL ""A"" → GIMNASIA Y ESGRIMA DE LA PLATA A [mapa] (158) | CLUB GIMNASIA Y ESGRIMA LA PLATA BLANCO ""B"" → GIMNASIA Y ESGRIMA DE LA PLATA B [mapa] (98)";GIMNASIA Y ESGRIMA LA PLATA B → GIMNASIA Y ESGRIMA DE LA PLATA B [mapa] (60)
t0096;GIMNASIA Y ESGRIMA DE LOMAS DE ZAMORA;True;"2 nombres normalizados distintos; 3 textos crudos en distintas temporadas; cambia el texto en CSV entre años";GIMNASIA Y ESGRIMA DE LOMAS DE ZAMORA A;2;3;2023,2024,2025,2026;G.E DE LOMAS DE ZAMORA A → GIMNASIA Y ESGRIMA DE LOMAS DE ZAMORA A [mapa] (158);G.E DE LOMAS DE ZAMORA A → GIMNASIA Y ESGRIMA DE LOMAS DE ZAMORA A [mapa] (187);GIMNASIA y ESGRIMA DE LOMAS DE ZAMORA → GIMNASIA Y ESGRIMA DE LOMAS DE ZAMORA A [mapa] (171) | GIMNASIA y ESGRIMA DE LOMAS DE ZAMORA B → GIMNASIA Y ESGRIMA DE LOMAS DE ZAMORA B [mapa] (133);GIMNASIA y ESGRIMA DE LOMAS DE ZAMORA B → GIMNASIA Y ESGRIMA DE LOMAS DE ZAMORA B [mapa] (40) | GIMNASIA y ESGRIMA DE LOMAS DE ZAMORA → GIMNASIA Y ESGRIMA DE LOMAS DE ZAMORA A [mapa] (30)
t0098;GUILLON BASQUET;True;2 textos crudos en distintas temporadas;GUILLON BASQUET;1;2;2023,2024,2025,2026;GUILLON BASQUET → GUILLON BASQUET (145);GUILLON BASQUET → GUILLON BASQUET (186);GUILLON BASQUET → GUILLON BASQUET (127) | GUILLON BÁSQUET → GUILLON BASQUET [mapa] (28);GUILLON BASQUET → GUILLON BASQUET (36)
t0101;HURACAN DE SAN JUSTO;True;"2 nombres normalizados distintos; 2 textos crudos en distintas temporadas; cambia el texto en CSV entre años";HURACAN DE SAN JUSTO A;2;2;2023,2024,2025,2026;HURACAN DE SAN JUSTO ROJO → HURACAN DE SAN JUSTO A [mapa] (148) | HURACAN DE SAN JUSTO BLANCO → HURACAN DE SAN JUSTO B [mapa] (122);HURACAN DE SAN JUSTO ROJO → HURACAN DE SAN JUSTO A [mapa] (188) | HURACAN DE SAN JUSTO BLANCO → HURACAN DE SAN JUSTO B [mapa] (137);HURACAN DE SAN JUSTO ROJO → HURACAN DE SAN JUSTO A [mapa] (174) | HURACAN DE SAN JUSTO BLANCO → HURACAN DE SAN JUSTO B [mapa] (83);HURACAN DE SAN JUSTO BLANCO → HURACAN DE SAN JUSTO B [mapa] (72) | HURACAN DE SAN JUSTO ROJO → HURACAN DE SAN JUSTO A [mapa] (30)
t0102;IMPERIO;True;"2 nombres normalizados distintos; 5 textos crudos en distintas temporadas; cambia el texto en CSV entre años";IMPERIO A;2;5;2023,2024,2025,2026;IMPERIO BLANCO → IMPERIO A [mapa] (154) | IMPERIO NEGRO → IMPERIO B [mapa] (132);IMPERIO BLANCO → IMPERIO A [mapa] (184) | IMPERIO NEGRO → IMPERIO B [mapa] (177);IMPERIO BLANCO  A → IMPERIO A [mapa] (133) | IMPERIO NEGRO B → IMPERIO B [mapa] (128) | IMPERIO BLANCO A → IMPERIO A [mapa] (30) | IMPERIO NEGRO → IMPERIO B [mapa] (29);IMPERIO NEGRO B → IMPERIO B [mapa] (38) | IMPERIO BLANCO  A → IMPERIO A [mapa] (30) | IMPERIO BLANCO A → IMPERIO A [mapa] (6)
t0103;INDEPENDIENTE;True;"2 nombres normalizados distintos; 2 textos crudos en distintas temporadas; cambia el texto en CSV entre años";INDEPENDIENTE A;2;2;2023,2024,2025,2026;INDEPENDIENTE → INDEPENDIENTE A [mapa] (150);INDEPENDIENTE → INDEPENDIENTE A [mapa] (183);INDEPENDIENTE ROJO → INDEPENDIENTE B [mapa] (105) | INDEPENDIENTE → INDEPENDIENTE A [mapa] (56);INDEPENDIENTE → INDEPENDIENTE A [mapa] (30)
t0112;INSTITUCION SARMIENTO;True;"2 nombres normalizados distintos; 4 textos crudos en distintas temporadas; cambia el texto en CSV entre años";INSTITUCION SARMIENTO A;2;4;2023,2024,2025,2026;INSTITUCION SARMIENTO VERDE → INSTITUCION SARMIENTO A [mapa] (158) | INSTITUCION SARMIENTO BLANCO → INSTITUCION SARMIENTO B [mapa] (151);INSTITUCION SARMIENTO VERDE → INSTITUCION SARMIENTO A [mapa] (187) | INSTITUCION SARMIENTO BLANCO → INSTITUCION SARMIENTO B [mapa] (169);INSTITUCION SARMIENTO VERDE A → INSTITUCION SARMIENTO A [mapa] (173) | INSTITUCION SARMIENTO BLANCO B → INSTITUCION SARMIENTO B [mapa] (162);INSTITUCION SARMIENTO BLANCO B → INSTITUCION SARMIENTO B [mapa] (30) | INSTITUCION SARMIENTO VERDE A → INSTITUCION SARMIENTO A [mapa] (25) | INSTITUCION SARMIENTO VERDE → INSTITUCION SARMIENTO A [mapa] (5)
t0113;ITALIANO;True;"2 nombres normalizados distintos; 2 textos crudos en distintas temporadas; cambia el texto en CSV entre años";ITALIANO A;2;2;2023,2024,2025,2026;ITALIANO → ITALIANO A [mapa] (149) | ITALIANO B → ITALIANO B [mapa] (120);ITALIANO → ITALIANO A [mapa] (188) | ITALIANO B → ITALIANO B [mapa] (180);ITALIANO → ITALIANO A [mapa] (164) | ITALIANO B → ITALIANO B [mapa] (155);ITALIANO B → ITALIANO B [mapa] (38) | ITALIANO → ITALIANO A [mapa] (35)
t0115;JOSE HERNANDEZ;True;"2 nombres normalizados distintos; 4 textos crudos en distintas temporadas; cambia el texto en CSV entre años";JOSE HERNANDEZ A;2;4;2023,2024,2025,2026;JOSE HERNANDEZ A → JOSE HERNANDEZ A [mapa] (150) | JOSE HERNANDEZ B → JOSE HERNANDEZ B [mapa] (140);JOSE HERNANDEZ A → JOSE HERNANDEZ A [mapa] (185) | JOSE HERNANDEZ B → JOSE HERNANDEZ B [mapa] (173);"JOSE HERNANDEZ ""B"" → JOSE HERNANDEZ B [mapa] (156) | JOSE HERNANDEZ ""A"" → JOSE HERNANDEZ A [mapa] (130) | JOSE HERNANDEZ A → JOSE HERNANDEZ A [mapa] (26)";"JOSE HERNANDEZ ""B"" → JOSE HERNANDEZ B [mapa] (38) | JOSE HERNANDEZ ""A"" → JOSE HERNANDEZ A [mapa] (36)"
t0119;LANUS;True;"2 nombres normalizados distintos; 2 textos crudos en distintas temporadas; cambia el texto en CSV entre años";LANUS A;2;2;2023,2024,2025,2026;LANUS A → LANUS A [mapa] (160) | LANUS B → LANUS B [mapa] (148);LANUS B → LANUS B [mapa] (186) | LANUS A → LANUS A [mapa] (184);LANUS A → LANUS A [mapa] (170) | LANUS B → LANUS B [mapa] (136);LANUS A → LANUS A [mapa] (36) | LANUS B → LANUS B [mapa] (30)
t0120;LAS HERAS;True;"2 nombres normalizados distintos; 2 textos crudos en distintas temporadas";LAS HERAS A;2;2;2023,2024,2025,2026;LAS HERAS A → LAS HERAS A [mapa] (145) | LAS HERAS B → LAS HERAS B [mapa] (141);LAS HERAS A → LAS HERAS A [mapa] (179) | LAS HERAS B → LAS HERAS B [mapa] (153);LAS HERAS A → LAS HERAS A [mapa] (173);LAS HERAS A → LAS HERAS A [mapa] (36)
t0123;LOBOS ATHLETIC CLUB;True;"6 textos crudos en distintas temporadas; cambia el texto en CSV entre años (mapeo ya unifica)";LOBOS ATHLETIC CLUB;1;6;2023,2024,2025,2026;LOBOS  ATHLETIC  CLUB → LOBOS ATHLETIC CLUB [mapa] (154);LOBOS  ATHLETIC  CLUB → LOBOS ATHLETIC CLUB [mapa] (185);LOBOS ATHLETIC CLUB → LOBOS ATHLETIC CLUB (159);LOBOS ATHLETIC CLUB → LOBOS ATHLETIC CLUB (6) | LOBOS  JUVENILES → LOBOS ATHLETIC CLUB [mapa] (6) | LOBOS  CADETES → LOBOS ATHLETIC CLUB [mapa] (6) | LOBOS  INFANTILES → LOBOS ATHLETIC CLUB [mapa] (6) | LOBOS  MINI → LOBOS ATHLETIC CLUB [mapa] (6)
t0127;LOS INDIOS DE MORENO;True;"2 nombres normalizados distintos; 14 textos crudos en distintas temporadas; cambia el texto en CSV entre años";LOS INDIOS DE MORENO A;2;14;2023,2024,2025,2026;LOS INDIOS DE MORENO NEGRO → LOS INDIOS DE MORENO A [mapa] (161) | LOS INDIOS DE MORENO BLANCO → LOS INDIOS DE MORENO B [mapa] (153);LOS INDIOS DE MORENO BLANCO → LOS INDIOS DE MORENO B [mapa] (186) | LOS INDIOS DE MORENO NEGRO → LOS INDIOS DE MORENO A [mapa] (183);INDIOS U21 NEGRO → LOS INDIOS DE MORENO A [mapa] (31) | INDIOS U13 NEGRO → LOS INDIOS DE MORENO A [mapa] (30) | INDIOS U15 NEGRO → LOS INDIOS DE MORENO A [mapa] (29) | INDIOS U17 NEGRO → LOS INDIOS DE MORENO A [mapa] (28) | INDIOS U11 NEGRO → LOS INDIOS DE MORENO A [mapa] (28) | INDIOS U9 NEGRO → LOS INDIOS DE MORENO A [mapa] (27);LOS INDIOS LIGA PROXIMA A → LOS INDIOS DE MORENO A [mapa] (5) | LOS INDIOS JUVENILES A → LOS INDIOS DE MORENO A [mapa] (5) | LOS INDIOS CADETES A → LOS INDIOS DE MORENO A [mapa] (5) | LOS INDIOS INFANTILES A → LOS INDIOS DE MORENO A [mapa] (5) | LOS INDIOS MINI A → LOS INDIOS DE MORENO A [mapa] (5) | LOS INDIOS PREMINI A → LOS INDIOS DE MORENO A [mapa] (5)
t0136;MONTE GRANDE;True;"2 nombres normalizados distintos; 6 textos crudos en distintas temporadas; cambia el texto en CSV entre años";MONTE GRANDE A;2;6;2023,2024,2025,2026;MONTE GRANDE → MONTE GRANDE A [mapa] (154);MONTE GRANDE → MONTE GRANDE A [mapa] (208);MONTE GRANDE A  ROJO → MONTE GRANDE A [mapa] (159) | MONTE GRANDE B NEGRO → MONTE GRANDE B [mapa] (136);MONTE GRANDE ROJO A → MONTE GRANDE A [mapa] (30) | MONTE GRANDE B → MONTE GRANDE B [mapa] (24) | MONTE GRANDE NEGRO B → MONTE GRANDE B [mapa] (6) | MONTE GRANDE B NEGRO → MONTE GRANDE B [mapa] (6)
t0138;MORENO DE QUILMES;True;cambia el texto en CSV entre años (mapeo ya unifica);MORENO DE QUILMES;1;3;2023,2024,2025,2026;MORENO DE QUILMES → MORENO DE QUILMES [mapa] (148);MORENO DE QUILMES → MORENO DE QUILMES [mapa] (183);C.S.D.y C. Moreno → MORENO DE QUILMES [mapa] (122) | C.S.D.y C. MORENO → MORENO DE QUILMES [mapa] (25);C.S.D.y C. Moreno → MORENO DE QUILMES [mapa] (36)
t0139;MORON;True;"2 nombres normalizados distintos; 6 textos crudos en distintas temporadas; cambia el texto en CSV entre años";MORON A;2;6;2023,2024,2025,2026;MORON B → MORON B [mapa] (149) | MORON A → MORON A [mapa] (148);MORON A → MORON A [mapa] (180) | MORON B → MORON B [mapa] (146);MORON ROJO → MORON A [mapa] (169) | MORON BLANCO → MORON B [mapa] (141);MORON ROJO A → MORON A [mapa] (39) | MORON BLANCO B → MORON B [mapa] (39)
t0142;NAUTICO BUCHARDO;True;"2 nombres normalizados distintos; 2 textos crudos en distintas temporadas";NAUTICO BUCHARDO A;2;2;2023,2024,2025,2026;NAUTICO BUCHARDO A → NAUTICO BUCHARDO A [mapa] (149) | NAUTICO BUCHARDO B → NAUTICO BUCHARDO B [mapa] (144);NAUTICO BUCHARDO A → NAUTICO BUCHARDO A [mapa] (185) | NAUTICO BUCHARDO B → NAUTICO BUCHARDO B [mapa] (161);NAUTICO BUCHARDO A → NAUTICO BUCHARDO A [mapa] (167) | NAUTICO BUCHARDO B → NAUTICO BUCHARDO B [mapa] (164);NAUTICO BUCHARDO A → NAUTICO BUCHARDO A [mapa] (41) | NAUTICO BUCHARDO B → NAUTICO BUCHARDO B [mapa] (38)
t0143;NAUTICO HACOAJ;True;"2 nombres normalizados distintos; 4 textos crudos en distintas temporadas; cambia el texto en CSV entre años";NAUTICO HACOAJ A;2;4;2023,2024,2025,2026;NAUTICO HACOAJ BLANCO → NAUTICO HACOAJ A [mapa] (146) | NAUTICO HACOAJ AZUL → NAUTICO HACOAJ B [mapa] (145);NAUTICO HACOAJ BLANCO → NAUTICO HACOAJ A [mapa] (185) | NAUTICO HACOAJ AZUL → NAUTICO HACOAJ B [mapa] (145);"NAUTICO HACOAJ BLANCO ""A"" → NAUTICO HACOAJ A [mapa] (175) | NAUTICO HACOAJ AZUL ""B"" → NAUTICO HACOAJ B [mapa] (159)";"NAUTICO HACOAJ BLANCO ""A"" → NAUTICO HACOAJ A [mapa] (36) | NAUTICO HACOAJ AZUL ""B"" → NAUTICO HACOAJ B [mapa] (34)"
t0149;OLIMPO;True;"2 nombres normalizados distintos; 3 textos crudos en distintas temporadas";OLIMPO A;2;3;2023,2024,2025,2026;OLIMPO → OLIMPO A [mapa] (145);OLIMPO → OLIMPO A [mapa] (187) | OLIMPO flex → OLIMPO B [mapa] (55) | OLIMPO Flex → OLIMPO B [mapa] (10);OLIMPO → OLIMPO A [mapa] (167);OLIMPO → OLIMPO A [mapa] (36)
t0152;PEDRO ECHAGUE;True;"2 nombres normalizados distintos; 4 textos crudos en distintas temporadas; cambia el texto en CSV entre años";PEDRO ECHAGUE A;2;4;2023,2024,2025,2026;PEDRO ECHAGUE AZUL → PEDRO ECHAGUE A [mapa] (153) | PEDRO ECHAGUE AMARILLO → PEDRO ECHAGUE B [mapa] (143);PEDRO ECHAGUE AZUL → PEDRO ECHAGUE A [mapa] (174) | PEDRO ECHAGUE AMARILLO → PEDRO ECHAGUE B [mapa] (145);PEDRO ECHAGUE AZUL A → PEDRO ECHAGUE A [mapa] (157) | PEDRO ECHAGUE AMARILLO B → PEDRO ECHAGUE B [mapa] (145);PEDRO ECHAGUE AMARILLO → PEDRO ECHAGUE B [mapa] (34) | PEDRO ECHAGUE AZUL → PEDRO ECHAGUE A [mapa] (31)
t0153;PINOCHO;True;"3 nombres normalizados distintos; 3 textos crudos en distintas temporadas; cambia el texto en CSV entre años";PINOCHO A;3;3;2023,2024,2025,2026;PINOCHO → PINOCHO A [mapa] (153) | PINOCHO BLANCO → PINOCHO B [mapa] (150) | PINOCHO VERDE → PINOCHO C [mapa] (122);PINOCHO → PINOCHO A [mapa] (187) | PINOCHO BLANCO → PINOCHO B [mapa] (174) | PINOCHO VERDE → PINOCHO C [mapa] (170);PINOCHO → PINOCHO A [mapa] (163) | PINOCHO BLANCO → PINOCHO B [mapa] (158) | PINOCHO VERDE → PINOCHO C [mapa] (154);PINOCHO BLANCO → PINOCHO B [mapa] (35) | PINOCHO VERDE → PINOCHO C [mapa] (35) | PINOCHO → PINOCHO A [mapa] (30)
t0154;PLATENSE;True;"2 nombres normalizados distintos; 2 textos crudos en distintas temporadas; cambia el texto en CSV entre años";PLATENSE A;2;2;2023,2024,2025,2026;PLATENSE MARRON → PLATENSE A [mapa] (151) | PLATENSE BLANCO → PLATENSE B [mapa] (148);PLATENSE MARRON → PLATENSE A [mapa] (189) | PLATENSE BLANCO → PLATENSE B [mapa] (164);PLATENSE MARRON → PLATENSE A [mapa] (179) | PLATENSE BLANCO → PLATENSE B [mapa] (154);PLATENSE BLANCO → PLATENSE B [mapa] (46) | PLATENSE MARRON → PLATENSE A [mapa] (36)
t0156;PORTEÑO ATHLETIC CLUB;True;cambia el texto en CSV entre años (mapeo ya unifica);PORTEÑO ATHLETIC CLUB A;1;4;2023,2024,2025,2026;PORTEÑO ATLETICO CLUB → PORTEÑO ATHLETIC CLUB A [mapa] (146);PORTEÑO ATLETICO CLUB → PORTEÑO ATHLETIC CLUB A [mapa] (184);PORTEÑO AZUL A → PORTEÑO ATHLETIC CLUB A [mapa] (169);PORTEÑO ATLETICO CLUB  AZUL → PORTEÑO ATHLETIC CLUB A [mapa] (20) | PORTEÑO ATLETICO CLUB AZUL → PORTEÑO ATHLETIC CLUB A [mapa] (10)
t0160;QUILMES A.C.;True;"2 textos crudos en distintas temporadas; cambia el texto en CSV entre años (mapeo ya unifica)";QUILMES A.C.;1;2;2023,2024,2025,2026;QUILMES A.C. → QUILMES A.C. (152);QUILMES A.C. → QUILMES A.C. (185);QUILMES A.C. → QUILMES A.C. (156);QUILMES ATLETICO CLUB → QUILMES A.C. [mapa] (36)
t0166;SAN FERNANDO;True;"2 nombres normalizados distintos; 4 textos crudos en distintas temporadas; cambia el texto en CSV entre años";SAN FERNANDO A;2;4;2023,2024,2025,2026;SAN FERNANDO AZUL → SAN FERNANDO A [mapa] (155) | SAN FERNANDO BLANCO → SAN FERNANDO B [mapa] (147);SAN FERNANDO AZUL → SAN FERNANDO A [mapa] (186) | SAN FERNANDO BLANCO → SAN FERNANDO B [mapa] (175);SAN FERNANDO AZUL (A) → SAN FERNANDO A [mapa] (173) | SAN FERNANDO BLANCO (B) → SAN FERNANDO B [mapa] (141);SAN FERNANDO BLANCO → SAN FERNANDO B [mapa] (43) | SAN FERNANDO AZUL → SAN FERNANDO A [mapa] (36)
t0167;SAN LORENZO;True;"2 nombres normalizados distintos; 3 textos crudos en distintas temporadas; cambia el texto en CSV entre años";SAN LORENZO A;2;3;2023,2024,2025,2026;SAN LORENZO AZUL → SAN LORENZO A [mapa] (155) | SAN LORENZO ROJO → SAN LORENZO B [mapa] (147);SAN LORENZO AZUL → SAN LORENZO A [mapa] (184) | SAN LORENZO ROJO → SAN LORENZO B [mapa] (170);SAN LORENZO AZUL → SAN LORENZO A [mapa] (161) | SAN LORENZO ROJO B → SAN LORENZO B [mapa] (157);SAN LORENZO ROJO B → SAN LORENZO B [mapa] (48) | SAN LORENZO AZUL → SAN LORENZO A [mapa] (36)
t0168;SAN MIGUEL;True;"2 nombres normalizados distintos; 3 textos crudos en distintas temporadas; cambia el texto en CSV entre años";SAN MIGUEL A;2;3;2023,2024,2025,2026;SAN MIGUEL → SAN MIGUEL A [mapa] (154) | SAN MIGUEL BLANCO → SAN MIGUEL A [mapa] (127);SAN MIGUEL → SAN MIGUEL A [mapa] (189) | SAN MIGUEL BLANCO → SAN MIGUEL A [mapa] (149);SAN MIGUEL Verde → SAN MIGUEL B [mapa] (165) | SAN MIGUEL BLANCO → SAN MIGUEL A [mapa] (133);SAN MIGUEL BLANCO → SAN MIGUEL A [mapa] (48) | SAN MIGUEL Verde → SAN MIGUEL B [mapa] (30)
t0169;SITAS;True;"2 nombres normalizados distintos; 3 textos crudos en distintas temporadas; cambia el texto en CSV entre años";SITAS A;2;3;2023,2024,2025,2026;SITAS → SITAS A [mapa] (150);SITAS → SITAS A [mapa] (155);SITAS → SITAS A [mapa] (168);SITAS ROJO → SITAS A [mapa] (39) | SITAS VERDE → SITAS B [mapa] (30)
t0189;U.V.V.ADELINA;True;"3 textos crudos en distintas temporadas; cambia el texto en CSV entre años (mapeo ya unifica)";U.V.V.ADELINA;1;3;2023,2024,2025,2026;U.V.V.ADELINA → U.V.V.ADELINA (157);U.V.V.ADELINA → U.V.V.ADELINA (182);U.V.V.A UNION VECINAL VILLA ADELINA → U.V.V.ADELINA [mapa] (176);"U.V.V.A UNION VECINAL VILLA ADELINA → U.V.V.ADELINA [mapa] (29) | U.V.V.A UNION VECINAL VILLA ADELINA ""AZUL"" → U.V.V.ADELINA [mapa] (6)"
t0204;VELEZ SARSFIELD;True;"2 nombres normalizados distintos; 2 textos crudos en distintas temporadas";VELEZ SARSFIELD A;2;2;2023,2024;VELEZ SARSFIELD BLANCO → VELEZ SARSFIELD A [mapa] (152) | VELEZ SARSFIELD AZUL → VELEZ SARSFIELD B [mapa] (129);VELEZ SARSFIELD BLANCO → VELEZ SARSFIELD A [mapa] (185) | VELEZ SARSFIELD AZUL → VELEZ SARSFIELD B [mapa] (178);—;—
t0207;VICTORIA;True;"3 nombres normalizados distintos; 5 textos crudos en distintas temporadas; cambia el texto en CSV entre años";VICTORIA;3;5;2023,2024,2025,2026;VICTORIA → VICTORIA [mapa] (160);VICTORIA → VICTORIA [mapa] (182);"VICTORIA NEGRO ""A"" → VICTORIA A [mapa] (171) | VICTORIA BLANCO ""B"" → VICTORIA B [mapa] (142)";VICTORIA NEGRO → VICTORIA A [mapa] (43) | VICTORIA BLANCO → VICTORIA B [mapa] (30)
