caso_id;tipo;club_base;nombre_raw;nombre_norm;en_mapeo;destino_mapeo;partidos;temporadas;sugerencia;nota
c0001;club_varios_nombres;FERROCARRIL OESTE;FERROCARRIL OESTE A;FERROCARRIL OESTE A;False;;348;2023,2024;FERROCARRIL OESTE A;9 nombres normalizados distintos bajo «FERROCARRIL OESTE». Puede ser varias categorías (A/B) o alias sin unificar.
c0001;club_varios_nombres;FERROCARRIL OESTE;FERROCARRIL OESTE B;FERROCARRIL OESTE B;False;;318;2023,2024;FERROCARRIL OESTE A;9 nombres normalizados distintos bajo «FERROCARRIL OESTE». Puede ser varias categorías (A/B) o alias sin unificar.
c0001;club_varios_nombres;FERROCARRIL OESTE;FERROCARRIL OESTE C;FERROCARRIL OESTE C;False;;305;2023,2024;FERROCARRIL OESTE A;9 nombres normalizados distintos bajo «FERROCARRIL OESTE». Puede ser varias categorías (A/B) o alias sin unificar.
c0001;club_varios_nombres;FERROCARRIL OESTE;FERROCARRIL OESTE NARANJA (C);FERROCARRIL OESTE NARANJA (C);False;;157;2025;FERROCARRIL OESTE A;9 nombres normalizados distintos bajo «FERROCARRIL OESTE». Puede ser varias categorías (A/B) o alias sin unificar.
c0001;club_varios_nombres;FERROCARRIL OESTE;FERROCARRIL OESTE VERDE (A);FERROCARRIL OESTE VERDE (A);False;;157;2025;FERROCARRIL OESTE A;9 nombres normalizados distintos bajo «FERROCARRIL OESTE». Puede ser varias categorías (A/B) o alias sin unificar.
c0001;club_varios_nombres;FERROCARRIL OESTE;FERROCARRIL OESTE BLANCO (B);FERROCARRIL OESTE BLANCO (B);False;;156;2025;FERROCARRIL OESTE A;9 nombres normalizados distintos bajo «FERROCARRIL OESTE». Puede ser varias categorías (A/B) o alias sin unificar.
c0001;club_varios_nombres;FERROCARRIL OESTE;FERROCARRIL OESTE VERDE;FERROCARRIL OESTE VERDE;False;;35;2026;FERROCARRIL OESTE A;9 nombres normalizados distintos bajo «FERROCARRIL OESTE». Puede ser varias categorías (A/B) o alias sin unificar.
c0001;club_varios_nombres;FERROCARRIL OESTE;FERROCARRIL OESTE BLANCO;FERROCARRIL OESTE BLANCO;False;;30;2026;FERROCARRIL OESTE A;9 nombres normalizados distintos bajo «FERROCARRIL OESTE». Puede ser varias categorías (A/B) o alias sin unificar.
c0001;club_varios_nombres;FERROCARRIL OESTE;FERROCARRIL OESTE NARANJA;FERROCARRIL OESTE NARANJA;False;;13;2026;FERROCARRIL OESTE A;9 nombres normalizados distintos bajo «FERROCARRIL OESTE». Puede ser varias categorías (A/B) o alias sin unificar.
c0002;club_varios_nombres;ARQUITECTURA;ARQUITECTURA NEGRO;ARQUITECTURA NEGRO;False;;333;2023,2024;ARQUITECTURA NEGRO;6 nombres normalizados distintos bajo «ARQUITECTURA». Puede ser varias categorías (A/B) o alias sin unificar.
c0002;club_varios_nombres;ARQUITECTURA;ARQUITECTURA BLANCO;ARQUITECTURA BLANCO;False;;219;2024,2025;ARQUITECTURA NEGRO;6 nombres normalizados distintos bajo «ARQUITECTURA». Puede ser varias categorías (A/B) o alias sin unificar.
c0002;club_varios_nombres;ARQUITECTURA;ARQUITECTURA BLANCO  B;ARQUITECTURA BLANCO  B;False;;105;2025;ARQUITECTURA NEGRO;6 nombres normalizados distintos bajo «ARQUITECTURA». Puede ser varias categorías (A/B) o alias sin unificar.
c0002;club_varios_nombres;ARQUITECTURA;ARQUITECTURA NEGRO  A;ARQUITECTURA NEGRO  A;False;;105;2025;ARQUITECTURA NEGRO;6 nombres normalizados distintos bajo «ARQUITECTURA». Puede ser varias categorías (A/B) o alias sin unificar.
c0002;club_varios_nombres;ARQUITECTURA;ARQUITECTURA NEGRO A;ARQUITECTURA NEGRO A;False;;86;2025,2026;ARQUITECTURA NEGRO;6 nombres normalizados distintos bajo «ARQUITECTURA». Puede ser varias categorías (A/B) o alias sin unificar.
c0002;club_varios_nombres;ARQUITECTURA;ARQUITECTURA BLANCO B;ARQUITECTURA BLANCO B;False;;36;2026;ARQUITECTURA NEGRO;6 nombres normalizados distintos bajo «ARQUITECTURA». Puede ser varias categorías (A/B) o alias sin unificar.
c0003;club_varios_nombres;BOCA JUNIORS;BOCA JUNIORS AMARILLO;BOCA JUNIORS AMARILLO;False;;435;2023,2024,2025;BOCA JUNIORS AMARILLO;5 nombres normalizados distintos bajo «BOCA JUNIORS». Puede ser varias categorías (A/B) o alias sin unificar. 5 variantes sin entrada en equipos_map.
c0003;club_varios_nombres;BOCA JUNIORS;BOCA JUNIORS AZUL;BOCA JUNIORS AZUL;False;;333;2023,2024;BOCA JUNIORS AMARILLO;5 nombres normalizados distintos bajo «BOCA JUNIORS». Puede ser varias categorías (A/B) o alias sin unificar. 5 variantes sin entrada en equipos_map.
c0003;club_varios_nombres;BOCA JUNIORS;BOCA JUNIORS A;BOCA JUNIORS A;False;;173;2025;BOCA JUNIORS AMARILLO;5 nombres normalizados distintos bajo «BOCA JUNIORS». Puede ser varias categorías (A/B) o alias sin unificar. 5 variantes sin entrada en equipos_map.
c0003;club_varios_nombres;BOCA JUNIORS;BOCA JUNIORS AMARILLO B;BOCA JUNIORS AMARILLO B;False;;36;2026;BOCA JUNIORS AMARILLO;5 nombres normalizados distintos bajo «BOCA JUNIORS». Puede ser varias categorías (A/B) o alias sin unificar. 5 variantes sin entrada en equipos_map.
c0003;club_varios_nombres;BOCA JUNIORS;BOCA JUNIORS AZUL A;BOCA JUNIORS AZUL A;False;;36;2026;BOCA JUNIORS AMARILLO;5 nombres normalizados distintos bajo «BOCA JUNIORS». Puede ser varias categorías (A/B) o alias sin unificar. 5 variantes sin entrada en equipos_map.
c0003;club_varios_nombres;BOCA JUNIORS;"BOCA JUNIORS  ""AMARILLO""";BOCA JUNIORS AMARILLO;True;BOCA JUNIORS AMARILLO;25;2023;BOCA JUNIORS AMARILLO;5 nombres normalizados distintos bajo «BOCA JUNIORS». Puede ser varias categorías (A/B) o alias sin unificar. 5 variantes sin entrada en equipos_map.
c0004;club_varios_nombres;BURZACO FC;BURZACO FC A;BURZACO FC A;False;;367;2023,2024,2026;BURZACO FC A;4 nombres normalizados distintos bajo «BURZACO FC». Puede ser varias categorías (A/B) o alias sin unificar. 5 variantes sin entrada en equipos_map.
c0004;club_varios_nombres;BURZACO FC;BURZACO FC B;BURZACO FC B;False;;143;2024;BURZACO FC A;4 nombres normalizados distintos bajo «BURZACO FC». Puede ser varias categorías (A/B) o alias sin unificar. 5 variantes sin entrada en equipos_map.
c0004;club_varios_nombres;BURZACO FC;BURZACO FC ROJO B;BURZACO FC ROJO B;False;;130;2025;BURZACO FC A;4 nombres normalizados distintos bajo «BURZACO FC». Puede ser varias categorías (A/B) o alias sin unificar. 5 variantes sin entrada en equipos_map.
c0004;club_varios_nombres;BURZACO FC;BURZACO FC Azul A;BURZACO FC Azul A;False;;77;2025;BURZACO FC A;4 nombres normalizados distintos bajo «BURZACO FC». Puede ser varias categorías (A/B) o alias sin unificar. 5 variantes sin entrada en equipos_map.
c0004;club_varios_nombres;BURZACO FC;BURZACO FC AZUL A;BURZACO FC AZUL A;False;;55;2025;BURZACO FC A;4 nombres normalizados distintos bajo «BURZACO FC». Puede ser varias categorías (A/B) o alias sin unificar. 5 variantes sin entrada en equipos_map.
c0004;club_varios_nombres;BURZACO FC;BURZACO FC  B;BURZACO FC B;True;BURZACO FC B;21;2024;BURZACO FC A;4 nombres normalizados distintos bajo «BURZACO FC». Puede ser varias categorías (A/B) o alias sin unificar. 5 variantes sin entrada en equipos_map.
c0005;club_varios_nombres;MORON;MORON A;MORON A;False;;328;2023,2024;MORON A;6 nombres normalizados distintos bajo «MORON». Puede ser varias categorías (A/B) o alias sin unificar.
c0005;club_varios_nombres;MORON;MORON B;MORON B;False;;295;2023,2024;MORON A;6 nombres normalizados distintos bajo «MORON». Puede ser varias categorías (A/B) o alias sin unificar.
c0005;club_varios_nombres;MORON;MORON ROJO;MORON ROJO;False;;169;2025;MORON A;6 nombres normalizados distintos bajo «MORON». Puede ser varias categorías (A/B) o alias sin unificar.
c0005;club_varios_nombres;MORON;MORON BLANCO;MORON BLANCO;False;;141;2025;MORON A;6 nombres normalizados distintos bajo «MORON». Puede ser varias categorías (A/B) o alias sin unificar.
c0005;club_varios_nombres;MORON;MORON BLANCO B;MORON BLANCO B;False;;39;2026;MORON A;6 nombres normalizados distintos bajo «MORON». Puede ser varias categorías (A/B) o alias sin unificar.
c0005;club_varios_nombres;MORON;MORON ROJO A;MORON ROJO A;False;;39;2026;MORON A;6 nombres normalizados distintos bajo «MORON». Puede ser varias categorías (A/B) o alias sin unificar.
c0006;club_varios_nombres;CAZA Y PESCA;CAZA Y PESCA A;CAZA Y PESCA A;False;;351;2023,2024;CAZA Y PESCA A;5 nombres normalizados distintos bajo «CAZA Y PESCA». Puede ser varias categorías (A/B) o alias sin unificar.
c0006;club_varios_nombres;CAZA Y PESCA;CAZA Y PESCA B;CAZA Y PESCA B;False;;292;2023,2024;CAZA Y PESCA A;5 nombres normalizados distintos bajo «CAZA Y PESCA». Puede ser varias categorías (A/B) o alias sin unificar.
c0006;club_varios_nombres;CAZA Y PESCA;CAZA Y PESCA AZUL A;CAZA Y PESCA AZUL A;False;;212;2025,2026;CAZA Y PESCA A;5 nombres normalizados distintos bajo «CAZA Y PESCA». Puede ser varias categorías (A/B) o alias sin unificar.
c0006;club_varios_nombres;CAZA Y PESCA;CAZA Y PESCA BLANCO B;CAZA Y PESCA BLANCO B;False;;162;2025;CAZA Y PESCA A;5 nombres normalizados distintos bajo «CAZA Y PESCA». Puede ser varias categorías (A/B) o alias sin unificar.
c0006;club_varios_nombres;CAZA Y PESCA;CAZA Y PESCA VERDE B;CAZA Y PESCA VERDE B;False;;30;2026;CAZA Y PESCA A;5 nombres normalizados distintos bajo «CAZA Y PESCA». Puede ser varias categorías (A/B) o alias sin unificar.
c0007;club_varios_nombres;CIUDAD DE BUENOS AIRES;CIUDAD DE BUENOS AIRES B;CIUDAD DE BUENOS AIRES B;False;;312;2023,2024;CIUDAD DE BUENOS AIRES B;4 nombres normalizados distintos bajo «CIUDAD DE BUENOS AIRES». Puede ser varias categorías (A/B) o alias sin unificar. 4 variantes sin entrada en equipos_map.
c0007;club_varios_nombres;CIUDAD DE BUENOS AIRES;CIUDAD DE BUENOS AIRES;CIUDAD DE BUENOS AIRES A;True;CIUDAD DE BUENOS AIRES A;211;2023,2024;CIUDAD DE BUENOS AIRES B;4 nombres normalizados distintos bajo «CIUDAD DE BUENOS AIRES». Puede ser varias categorías (A/B) o alias sin unificar. 4 variantes sin entrada en equipos_map.
c0007;club_varios_nombres;CIUDAD DE BUENOS AIRES;CIUDAD DE BUENOS AIRES AZUL A;CIUDAD DE BUENOS AIRES AZUL A;False;;199;2025,2026;CIUDAD DE BUENOS AIRES B;4 nombres normalizados distintos bajo «CIUDAD DE BUENOS AIRES». Puede ser varias categorías (A/B) o alias sin unificar. 4 variantes sin entrada en equipos_map.
c0007;club_varios_nombres;CIUDAD DE BUENOS AIRES;CIUDAD DE BUENOS AIRES BLANCO B;CIUDAD DE BUENOS AIRES BLANCO B;False;;163;2025;CIUDAD DE BUENOS AIRES B;4 nombres normalizados distintos bajo «CIUDAD DE BUENOS AIRES». Puede ser varias categorías (A/B) o alias sin unificar. 4 variantes sin entrada en equipos_map.
c0007;club_varios_nombres;CIUDAD DE BUENOS AIRES;CIUDAD DE BUENOS AIRES A;CIUDAD DE BUENOS AIRES A;False;;132;2023;CIUDAD DE BUENOS AIRES B;4 nombres normalizados distintos bajo «CIUDAD DE BUENOS AIRES». Puede ser varias categorías (A/B) o alias sin unificar. 4 variantes sin entrada en equipos_map.
c0008;club_varios_nombres;COMUNICACIONES;COMUNICACIONES;COMUNICACIONES;True;COMUNICACIONES;516;2023,2024,2025;COMUNICACIONES;5 nombres normalizados distintos bajo «COMUNICACIONES». Puede ser varias categorías (A/B) o alias sin unificar. 4 variantes sin entrada en equipos_map.
c0008;club_varios_nombres;COMUNICACIONES;COMUNICACIONES AMARILLO A;COMUNICACIONES AMARILLO A;False;;30;2026;COMUNICACIONES;5 nombres normalizados distintos bajo «COMUNICACIONES». Puede ser varias categorías (A/B) o alias sin unificar. 4 variantes sin entrada en equipos_map.
c0008;club_varios_nombres;COMUNICACIONES;COMUNICACIONES NEGRO B;COMUNICACIONES NEGRO B;False;;27;2026;COMUNICACIONES;5 nombres normalizados distintos bajo «COMUNICACIONES». Puede ser varias categorías (A/B) o alias sin unificar. 4 variantes sin entrada en equipos_map.
c0008;club_varios_nombres;COMUNICACIONES;COMUNICACIONES AMARILLO;COMUNICACIONES AMARILLO;False;;6;2026;COMUNICACIONES;5 nombres normalizados distintos bajo «COMUNICACIONES». Puede ser varias categorías (A/B) o alias sin unificar. 4 variantes sin entrada en equipos_map.
c0008;club_varios_nombres;COMUNICACIONES;COMUNICACIONES NEGRO;COMUNICACIONES NEGRO;False;;5;2026;COMUNICACIONES;5 nombres normalizados distintos bajo «COMUNICACIONES». Puede ser varias categorías (A/B) o alias sin unificar. 4 variantes sin entrada en equipos_map.
c0009;club_varios_nombres;DEFENSORES DE HURLINGHAM;DEFENSORES DE HURLINGHAM VERDE;DEFENSORES DE HURLINGHAM VERDE;False;;371;2023,2024,2026;DEFENSORES DE HURLINGHAM VERDE;5 nombres normalizados distintos bajo «DEFENSORES DE HURLINGHAM». Puede ser varias categorías (A/B) o alias sin unificar.
c0009;club_varios_nombres;DEFENSORES DE HURLINGHAM;DEFENSORES DE HURLINGHAM VERDE A;DEFENSORES DE HURLINGHAM VERDE A;False;;167;2025;DEFENSORES DE HURLINGHAM VERDE;5 nombres normalizados distintos bajo «DEFENSORES DE HURLINGHAM». Puede ser varias categorías (A/B) o alias sin unificar.
c0009;club_varios_nombres;DEFENSORES DE HURLINGHAM;DEFENSORES DE HURLINGHAM  BLANCO B;DEFENSORES DE HURLINGHAM  BLANCO B;False;;159;2025;DEFENSORES DE HURLINGHAM VERDE;5 nombres normalizados distintos bajo «DEFENSORES DE HURLINGHAM». Puede ser varias categorías (A/B) o alias sin unificar.
c0009;club_varios_nombres;DEFENSORES DE HURLINGHAM;DEFENSORES DE HURLINGHAM  BLANCO;DEFENSORES DE HURLINGHAM  BLANCO;False;;150;2024;DEFENSORES DE HURLINGHAM VERDE;5 nombres normalizados distintos bajo «DEFENSORES DE HURLINGHAM». Puede ser varias categorías (A/B) o alias sin unificar.
c0009;club_varios_nombres;DEFENSORES DE HURLINGHAM;DEFENSORES DE HURLINGHAM BLANCO;DEFENSORES DE HURLINGHAM BLANCO;False;;37;2026;DEFENSORES DE HURLINGHAM VERDE;5 nombres normalizados distintos bajo «DEFENSORES DE HURLINGHAM». Puede ser varias categorías (A/B) o alias sin unificar.
c0010;club_varios_nombres;IMPERIO;IMPERIO BLANCO;IMPERIO BLANCO;False;;338;2023,2024;IMPERIO NEGRO;5 nombres normalizados distintos bajo «IMPERIO». Puede ser varias categorías (A/B) o alias sin unificar.
c0010;club_varios_nombres;IMPERIO;IMPERIO NEGRO;IMPERIO NEGRO;False;;338;2023,2024,2025;IMPERIO NEGRO;5 nombres normalizados distintos bajo «IMPERIO». Puede ser varias categorías (A/B) o alias sin unificar.
c0010;club_varios_nombres;IMPERIO;IMPERIO NEGRO B;IMPERIO NEGRO B;False;;166;2025,2026;IMPERIO NEGRO;5 nombres normalizados distintos bajo «IMPERIO». Puede ser varias categorías (A/B) o alias sin unificar.
c0010;club_varios_nombres;IMPERIO;IMPERIO BLANCO  A;IMPERIO BLANCO  A;False;;163;2025,2026;IMPERIO NEGRO;5 nombres normalizados distintos bajo «IMPERIO». Puede ser varias categorías (A/B) o alias sin unificar.
c0010;club_varios_nombres;IMPERIO;IMPERIO BLANCO A;IMPERIO BLANCO A;False;;36;2025,2026;IMPERIO NEGRO;5 nombres normalizados distintos bajo «IMPERIO». Puede ser varias categorías (A/B) o alias sin unificar.
c0011;club_varios_nombres;PORTEÑO ATLETICO CLUB;PORTEÑO ATLETICO CLUB;PORTEÑO ATLETICO CLUB;False;;330;2023,2024;PORTEÑO ATLETICO CLUB;5 nombres normalizados distintos bajo «PORTEÑO ATLETICO CLUB». Puede ser varias categorías (A/B) o alias sin unificar.
c0011;club_varios_nombres;PORTEÑO ATLETICO CLUB;PORTEÑO ATLETICO CLUB  BLANCO B;PORTEÑO ATLETICO CLUB  BLANCO B;False;;28;2026;PORTEÑO ATLETICO CLUB;5 nombres normalizados distintos bajo «PORTEÑO ATLETICO CLUB». Puede ser varias categorías (A/B) o alias sin unificar.
c0011;club_varios_nombres;PORTEÑO ATLETICO CLUB;PORTEÑO ATLETICO CLUB  AZUL;PORTEÑO ATLETICO CLUB  AZUL;False;;20;2026;PORTEÑO ATLETICO CLUB;5 nombres normalizados distintos bajo «PORTEÑO ATLETICO CLUB». Puede ser varias categorías (A/B) o alias sin unificar.
c0011;club_varios_nombres;PORTEÑO ATLETICO CLUB;PORTEÑO ATLETICO CLUB  B;PORTEÑO ATLETICO CLUB  B;False;;16;2026;PORTEÑO ATLETICO CLUB;5 nombres normalizados distintos bajo «PORTEÑO ATLETICO CLUB». Puede ser varias categorías (A/B) o alias sin unificar.
c0011;club_varios_nombres;PORTEÑO ATLETICO CLUB;PORTEÑO ATLETICO CLUB AZUL;PORTEÑO ATLETICO CLUB AZUL;False;;10;2026;PORTEÑO ATLETICO CLUB;5 nombres normalizados distintos bajo «PORTEÑO ATLETICO CLUB». Puede ser varias categorías (A/B) o alias sin unificar.
c0012;club_varios_nombres;VICTORIA;VICTORIA;VICTORIA;True;VICTORIA;342;2023,2024;VICTORIA;5 nombres normalizados distintos bajo «VICTORIA». Puede ser varias categorías (A/B) o alias sin unificar. 4 variantes sin entrada en equipos_map.
c0012;club_varios_nombres;VICTORIA;"VICTORIA NEGRO ""A""";"VICTORIA NEGRO ""A""";False;;171;2025;VICTORIA;5 nombres normalizados distintos bajo «VICTORIA». Puede ser varias categorías (A/B) o alias sin unificar. 4 variantes sin entrada en equipos_map.
c0012;club_varios_nombres;VICTORIA;"VICTORIA BLANCO ""B""";"VICTORIA BLANCO ""B""";False;;142;2025;VICTORIA;5 nombres normalizados distintos bajo «VICTORIA». Puede ser varias categorías (A/B) o alias sin unificar. 4 variantes sin entrada en equipos_map.
c0012;club_varios_nombres;VICTORIA;VICTORIA NEGRO;VICTORIA NEGRO;False;;43;2026;VICTORIA;5 nombres normalizados distintos bajo «VICTORIA». Puede ser varias categorías (A/B) o alias sin unificar. 4 variantes sin entrada en equipos_map.
c0012;club_varios_nombres;VICTORIA;VICTORIA BLANCO;VICTORIA BLANCO;False;;30;2026;VICTORIA;5 nombres normalizados distintos bajo «VICTORIA». Puede ser varias categorías (A/B) o alias sin unificar. 4 variantes sin entrada en equipos_map.
c0013;club_varios_nombres;CLUB GEI;Club GEI AZUL;Club GEI AZUL;True;Club GEI AZUL;342;2023,2024;Club GEI AZUL;4 nombres normalizados distintos bajo «CLUB GEI». Puede ser varias categorías (A/B) o alias sin unificar. 3 variantes sin entrada en equipos_map.
c0013;club_varios_nombres;CLUB GEI;Club GEI BLANCO;Club GEI BLANCO;False;;294;2023,2024;Club GEI AZUL;4 nombres normalizados distintos bajo «CLUB GEI». Puede ser varias categorías (A/B) o alias sin unificar. 3 variantes sin entrada en equipos_map.
c0013;club_varios_nombres;CLUB GEI;CLUB GEI AZUL (A);CLUB GEI AZUL (A);False;;194;2025,2026;Club GEI AZUL;4 nombres normalizados distintos bajo «CLUB GEI». Puede ser varias categorías (A/B) o alias sin unificar. 3 variantes sin entrada en equipos_map.
c0013;club_varios_nombres;CLUB GEI;CLUB GEI BLANCO (B);CLUB GEI BLANCO (B);False;;189;2025,2026;Club GEI AZUL;4 nombres normalizados distintos bajo «CLUB GEI». Puede ser varias categorías (A/B) o alias sin unificar. 3 variantes sin entrada en equipos_map.
c0014;club_varios_nombres;CLUB GIMNASIA Y ESGRIMA LA;CLUB GIMNASIA Y ESGRIMA LA PLATA AZUL;CLUB GIMNASIA Y ESGRIMA LA PLATA AZUL;False;;346;2023,2024;CLUB GIMNASIA Y ESGRIMA LA PLATA AZUL;4 nombres normalizados distintos bajo «CLUB GIMNASIA Y ESGRIMA LA». Puede ser varias categorías (A/B) o alias sin unificar.
c0014;club_varios_nombres;CLUB GIMNASIA Y ESGRIMA LA;CLUB GIMNASIA Y ESGRIMA LA PLATA BLANCO;CLUB GIMNASIA Y ESGRIMA LA PLATA BLANCO;False;;205;2023,2024;CLUB GIMNASIA Y ESGRIMA LA PLATA AZUL;4 nombres normalizados distintos bajo «CLUB GIMNASIA Y ESGRIMA LA». Puede ser varias categorías (A/B) o alias sin unificar.
c0014;club_varios_nombres;CLUB GIMNASIA Y ESGRIMA LA;"CLUB GIMNASIA Y ESGRIMA LA PLATA AZUL ""A""";"CLUB GIMNASIA Y ESGRIMA LA PLATA AZUL ""A""";False;;158;2025;CLUB GIMNASIA Y ESGRIMA LA PLATA AZUL;4 nombres normalizados distintos bajo «CLUB GIMNASIA Y ESGRIMA LA». Puede ser varias categorías (A/B) o alias sin unificar.
c0014;club_varios_nombres;CLUB GIMNASIA Y ESGRIMA LA;"CLUB GIMNASIA Y ESGRIMA LA PLATA BLANCO ""B""";"CLUB GIMNASIA Y ESGRIMA LA PLATA BLANCO ""B""";False;;98;2025;CLUB GIMNASIA Y ESGRIMA LA PLATA AZUL;4 nombres normalizados distintos bajo «CLUB GIMNASIA Y ESGRIMA LA». Puede ser varias categorías (A/B) o alias sin unificar.
c0015;club_varios_nombres;DEFENSORES DE MORENO;DEFENSORES DE MORENO;DEFENSORES DE MORENO;False;;315;2023,2024,2026;DEFENSORES DE MORENO;4 nombres normalizados distintos bajo «DEFENSORES DE MORENO». Puede ser varias categorías (A/B) o alias sin unificar.
c0015;club_varios_nombres;DEFENSORES DE MORENO;DEFENSORES DE MORENO NEGRO;DEFENSORES DE MORENO NEGRO;False;;154;2025;DEFENSORES DE MORENO;4 nombres normalizados distintos bajo «DEFENSORES DE MORENO». Puede ser varias categorías (A/B) o alias sin unificar.
c0015;club_varios_nombres;DEFENSORES DE MORENO;DEFENSORES DE MORENO ROJO;DEFENSORES DE MORENO ROJO;False;;67;2025;DEFENSORES DE MORENO;4 nombres normalizados distintos bajo «DEFENSORES DE MORENO». Puede ser varias categorías (A/B) o alias sin unificar.
c0015;club_varios_nombres;DEFENSORES DE MORENO;DEFENSORES DE MORENO ROJO B;DEFENSORES DE MORENO ROJO B;False;;25;2025;DEFENSORES DE MORENO;4 nombres normalizados distintos bajo «DEFENSORES DE MORENO». Puede ser varias categorías (A/B) o alias sin unificar.
c0016;club_varios_nombres;ESTUDIANTIL PORTEÑO;ESTUDIANTIL PORTEÑO B;ESTUDIANTIL PORTEÑO B;False;;534;2023,2024,2025,2026;ESTUDIANTIL PORTEÑO B;4 nombres normalizados distintos bajo «ESTUDIANTIL PORTEÑO». Puede ser varias categorías (A/B) o alias sin unificar.
c0016;club_varios_nombres;ESTUDIANTIL PORTEÑO;ESTUDIANTIL PORTEÑO A;ESTUDIANTIL PORTEÑO A;False;;485;2023,2024,2025;ESTUDIANTIL PORTEÑO B;4 nombres normalizados distintos bajo «ESTUDIANTIL PORTEÑO». Puede ser varias categorías (A/B) o alias sin unificar.
c0016;club_varios_nombres;ESTUDIANTIL PORTEÑO;"ESTUDIANTIL PORTEÑO ""C""";"ESTUDIANTIL PORTEÑO ""C""";False;;124;2023;ESTUDIANTIL PORTEÑO B;4 nombres normalizados distintos bajo «ESTUDIANTIL PORTEÑO». Puede ser varias categorías (A/B) o alias sin unificar.
c0016;club_varios_nombres;ESTUDIANTIL PORTEÑO;"ESTUDIANTIL PORTEÑO  ""A""";"ESTUDIANTIL PORTEÑO  ""A""";False;;58;2025,2026;ESTUDIANTIL PORTEÑO B;4 nombres normalizados distintos bajo «ESTUDIANTIL PORTEÑO». Puede ser varias categorías (A/B) o alias sin unificar.
c0017;club_varios_nombres;GEVP;GEVP BLANCO;GEVP BLANCO;False;;366;2023,2024,2025,2026;GEVP BLANCO;4 nombres normalizados distintos bajo «GEVP». Puede ser varias categorías (A/B) o alias sin unificar.
c0017;club_varios_nombres;GEVP;GEVP CELESTE;GEVP CELESTE;False;;320;2023,2024;GEVP BLANCO;4 nombres normalizados distintos bajo «GEVP». Puede ser varias categorías (A/B) o alias sin unificar.
c0017;club_varios_nombres;GEVP;GEVP CELESTE B;GEVP CELESTE B;False;;195;2025,2026;GEVP BLANCO;4 nombres normalizados distintos bajo «GEVP». Puede ser varias categorías (A/B) o alias sin unificar.
c0017;club_varios_nombres;GEVP;GEVP BLANCO A;GEVP BLANCO A;False;;167;2025,2026;GEVP BLANCO;4 nombres normalizados distintos bajo «GEVP». Puede ser varias categorías (A/B) o alias sin unificar.
c0018;club_varios_nombres;INSTITUCION SARMIENTO;INSTITUCION SARMIENTO VERDE;INSTITUCION SARMIENTO VERDE;False;;350;2023,2024,2026;INSTITUCION SARMIENTO VERDE;4 nombres normalizados distintos bajo «INSTITUCION SARMIENTO». Puede ser varias categorías (A/B) o alias sin unificar.
c0018;club_varios_nombres;INSTITUCION SARMIENTO;INSTITUCION SARMIENTO BLANCO;INSTITUCION SARMIENTO BLANCO;False;;320;2023,2024;INSTITUCION SARMIENTO VERDE;4 nombres normalizados distintos bajo «INSTITUCION SARMIENTO». Puede ser varias categorías (A/B) o alias sin unificar.
c0018;club_varios_nombres;INSTITUCION SARMIENTO;INSTITUCION SARMIENTO VERDE A;INSTITUCION SARMIENTO VERDE A;False;;198;2025,2026;INSTITUCION SARMIENTO VERDE;4 nombres normalizados distintos bajo «INSTITUCION SARMIENTO». Puede ser varias categorías (A/B) o alias sin unificar.
c0018;club_varios_nombres;INSTITUCION SARMIENTO;INSTITUCION SARMIENTO BLANCO B;INSTITUCION SARMIENTO BLANCO B;False;;192;2025,2026;INSTITUCION SARMIENTO VERDE;4 nombres normalizados distintos bajo «INSTITUCION SARMIENTO». Puede ser varias categorías (A/B) o alias sin unificar.
c0019;club_varios_nombres;JOSE HERNANDEZ;JOSE HERNANDEZ A;JOSE HERNANDEZ A;False;;361;2023,2024,2025;JOSE HERNANDEZ A;4 nombres normalizados distintos bajo «JOSE HERNANDEZ». Puede ser varias categorías (A/B) o alias sin unificar.
c0019;club_varios_nombres;JOSE HERNANDEZ;JOSE HERNANDEZ B;JOSE HERNANDEZ B;False;;313;2023,2024;JOSE HERNANDEZ A;4 nombres normalizados distintos bajo «JOSE HERNANDEZ». Puede ser varias categorías (A/B) o alias sin unificar.
c0019;club_varios_nombres;JOSE HERNANDEZ;"JOSE HERNANDEZ ""B""";"JOSE HERNANDEZ ""B""";False;;194;2025,2026;JOSE HERNANDEZ A;4 nombres normalizados distintos bajo «JOSE HERNANDEZ». Puede ser varias categorías (A/B) o alias sin unificar.
c0019;club_varios_nombres;JOSE HERNANDEZ;"JOSE HERNANDEZ ""A""";"JOSE HERNANDEZ ""A""";False;;166;2025,2026;JOSE HERNANDEZ A;4 nombres normalizados distintos bajo «JOSE HERNANDEZ». Puede ser varias categorías (A/B) o alias sin unificar.
c0020;club_varios_nombres;MONTE GRANDE;MONTE GRANDE;MONTE GRANDE;False;;362;2023,2024;MONTE GRANDE;4 nombres normalizados distintos bajo «MONTE GRANDE». Puede ser varias categorías (A/B) o alias sin unificar.
c0020;club_varios_nombres;MONTE GRANDE;MONTE GRANDE ROJO A;MONTE GRANDE ROJO A;False;;30;2026;MONTE GRANDE;4 nombres normalizados distintos bajo «MONTE GRANDE». Puede ser varias categorías (A/B) o alias sin unificar.
c0020;club_varios_nombres;MONTE GRANDE;MONTE GRANDE B;MONTE GRANDE B;False;;24;2026;MONTE GRANDE;4 nombres normalizados distintos bajo «MONTE GRANDE». Puede ser varias categorías (A/B) o alias sin unificar.
c0020;club_varios_nombres;MONTE GRANDE;MONTE GRANDE NEGRO B;MONTE GRANDE NEGRO B;False;;6;2026;MONTE GRANDE;4 nombres normalizados distintos bajo «MONTE GRANDE». Puede ser varias categorías (A/B) o alias sin unificar.
c0021;club_varios_nombres;NAUTICO HACOAJ;NAUTICO HACOAJ BLANCO;NAUTICO HACOAJ BLANCO;False;;331;2023,2024;NAUTICO HACOAJ BLANCO;4 nombres normalizados distintos bajo «NAUTICO HACOAJ». Puede ser varias categorías (A/B) o alias sin unificar.
c0021;club_varios_nombres;NAUTICO HACOAJ;NAUTICO HACOAJ AZUL;NAUTICO HACOAJ AZUL;False;;290;2023,2024;NAUTICO HACOAJ BLANCO;4 nombres normalizados distintos bajo «NAUTICO HACOAJ». Puede ser varias categorías (A/B) o alias sin unificar.
c0021;club_varios_nombres;NAUTICO HACOAJ;"NAUTICO HACOAJ BLANCO ""A""";"NAUTICO HACOAJ BLANCO ""A""";False;;211;2025,2026;NAUTICO HACOAJ BLANCO;4 nombres normalizados distintos bajo «NAUTICO HACOAJ». Puede ser varias categorías (A/B) o alias sin unificar.
c0021;club_varios_nombres;NAUTICO HACOAJ;"NAUTICO HACOAJ AZUL ""B""";"NAUTICO HACOAJ AZUL ""B""";False;;193;2025,2026;NAUTICO HACOAJ BLANCO;4 nombres normalizados distintos bajo «NAUTICO HACOAJ». Puede ser varias categorías (A/B) o alias sin unificar.
c0022;club_varios_nombres;PEDRO ECHAGUE;PEDRO ECHAGUE AZUL;PEDRO ECHAGUE AZUL;False;;358;2023,2024,2026;PEDRO ECHAGUE AZUL;4 nombres normalizados distintos bajo «PEDRO ECHAGUE». Puede ser varias categorías (A/B) o alias sin unificar.
c0022;club_varios_nombres;PEDRO ECHAGUE;PEDRO ECHAGUE AMARILLO;PEDRO ECHAGUE AMARILLO;False;;322;2023,2024,2026;PEDRO ECHAGUE AZUL;4 nombres normalizados distintos bajo «PEDRO ECHAGUE». Puede ser varias categorías (A/B) o alias sin unificar.
c0022;club_varios_nombres;PEDRO ECHAGUE;PEDRO ECHAGUE AZUL A;PEDRO ECHAGUE AZUL A;False;;157;2025;PEDRO ECHAGUE AZUL;4 nombres normalizados distintos bajo «PEDRO ECHAGUE». Puede ser varias categorías (A/B) o alias sin unificar.
c0022;club_varios_nombres;PEDRO ECHAGUE;PEDRO ECHAGUE AMARILLO B;PEDRO ECHAGUE AMARILLO B;False;;145;2025;PEDRO ECHAGUE AZUL;4 nombres normalizados distintos bajo «PEDRO ECHAGUE». Puede ser varias categorías (A/B) o alias sin unificar.
c0023;club_varios_nombres;SAN FERNANDO;SAN FERNANDO AZUL;SAN FERNANDO AZUL;False;;377;2023,2024,2026;SAN FERNANDO AZUL;4 nombres normalizados distintos bajo «SAN FERNANDO». Puede ser varias categorías (A/B) o alias sin unificar.
c0023;club_varios_nombres;SAN FERNANDO;SAN FERNANDO BLANCO;SAN FERNANDO BLANCO;False;;365;2023,2024,2026;SAN FERNANDO AZUL;4 nombres normalizados distintos bajo «SAN FERNANDO». Puede ser varias categorías (A/B) o alias sin unificar.
c0023;club_varios_nombres;SAN FERNANDO;SAN FERNANDO AZUL (A);SAN FERNANDO AZUL (A);False;;173;2025;SAN FERNANDO AZUL;4 nombres normalizados distintos bajo «SAN FERNANDO». Puede ser varias categorías (A/B) o alias sin unificar.
c0023;club_varios_nombres;SAN FERNANDO;SAN FERNANDO BLANCO (B);SAN FERNANDO BLANCO (B);False;;141;2025;SAN FERNANDO AZUL;4 nombres normalizados distintos bajo «SAN FERNANDO». Puede ser varias categorías (A/B) o alias sin unificar.
c0024;club_varios_nombres;3 DE FEBRERO;3 DE FEBRERO CELESTE C;3 DE FEBRERO CELESTE C;False;;53;2026;3 DE FEBRERO CELESTE C;3 nombres normalizados distintos bajo «3 DE FEBRERO». Puede ser varias categorías (A/B) o alias sin unificar.
c0024;club_varios_nombres;3 DE FEBRERO;3 DE FEBRERO BLANCO A;3 DE FEBRERO BLANCO A;False;;35;2026;3 DE FEBRERO CELESTE C;3 nombres normalizados distintos bajo «3 DE FEBRERO». Puede ser varias categorías (A/B) o alias sin unificar.
c0024;club_varios_nombres;3 DE FEBRERO;3 DE FEBRERO AZUL B;3 DE FEBRERO AZUL B;False;;30;2026;3 DE FEBRERO CELESTE C;3 nombres normalizados distintos bajo «3 DE FEBRERO». Puede ser varias categorías (A/B) o alias sin unificar.
c0025;club_varios_nombres;A.F.A.L.P.;A.F.A.L.P. A;A.F.A.L.P. A;False;;539;2023,2024,2025,2026;A.F.A.L.P. A;2 nombres normalizados distintos bajo «A.F.A.L.P.». Puede ser varias categorías (A/B) o alias sin unificar. 2 variantes sin entrada en equipos_map.
c0025;club_varios_nombres;A.F.A.L.P.;A.F.A.L.P. B;A.F.A.L.P. B;False;;243;2023,2024;A.F.A.L.P. A;2 nombres normalizados distintos bajo «A.F.A.L.P.». Puede ser varias categorías (A/B) o alias sin unificar. 2 variantes sin entrada en equipos_map.
c0025;club_varios_nombres;A.F.A.L.P.;A.F.A.L.P.  B;A.F.A.L.P. B;True;A.F.A.L.P. B;51;2023,2024;A.F.A.L.P. A;2 nombres normalizados distintos bajo «A.F.A.L.P.». Puede ser varias categorías (A/B) o alias sin unificar. 2 variantes sin entrada en equipos_map.
c0026;club_varios_nombres;BANADE;BANADE;BANADE;False;;327;2023,2024;BANADE;3 nombres normalizados distintos bajo «BANADE». Puede ser varias categorías (A/B) o alias sin unificar.
c0026;club_varios_nombres;BANADE;BANADE ROJO;BANADE ROJO;False;;199;2025,2026;BANADE;3 nombres normalizados distintos bajo «BANADE». Puede ser varias categorías (A/B) o alias sin unificar.
c0026;club_varios_nombres;BANADE;BANADE AMARILLO;BANADE AMARILLO;False;;53;2024;BANADE;3 nombres normalizados distintos bajo «BANADE». Puede ser varias categorías (A/B) o alias sin unificar.
c0027;club_varios_nombres;CIRCULO URQUIZA;CIRCULO URQUIZA AZUL;CIRCULO URQUIZA AZUL;False;;319;2023,2024;CIRCULO URQUIZA AZUL;3 nombres normalizados distintos bajo «CIRCULO URQUIZA». Puede ser varias categorías (A/B) o alias sin unificar.
c0027;club_varios_nombres;CIRCULO URQUIZA;CIRCULO URQUIZA BLANCO;CIRCULO URQUIZA BLANCO;False;;281;2023,2024;CIRCULO URQUIZA AZUL;3 nombres normalizados distintos bajo «CIRCULO URQUIZA». Puede ser varias categorías (A/B) o alias sin unificar.
c0027;club_varios_nombres;CIRCULO URQUIZA;CIRCULO URQUIZA;CIRCULO URQUIZA;False;;201;2025,2026;CIRCULO URQUIZA AZUL;3 nombres normalizados distintos bajo «CIRCULO URQUIZA». Puede ser varias categorías (A/B) o alias sin unificar.
c0028;club_varios_nombres;CLUB 3 DE FEBRERO;CLUB 3 DE FEBRERO BLANCO A;CLUB 3 DE FEBRERO BLANCO A;False;;168;2025;CLUB 3 DE FEBRERO BLANCO A;3 nombres normalizados distintos bajo «CLUB 3 DE FEBRERO». Puede ser varias categorías (A/B) o alias sin unificar.
c0028;club_varios_nombres;CLUB 3 DE FEBRERO;CLUB 3 DE FEBRERO AZUL B;CLUB 3 DE FEBRERO AZUL B;False;;156;2025;CLUB 3 DE FEBRERO BLANCO A;3 nombres normalizados distintos bajo «CLUB 3 DE FEBRERO». Puede ser varias categorías (A/B) o alias sin unificar.
c0028;club_varios_nombres;CLUB 3 DE FEBRERO;CLUB 3 DE FEBRERO CELESTE C;CLUB 3 DE FEBRERO CELESTE C;False;;153;2025;CLUB 3 DE FEBRERO BLANCO A;3 nombres normalizados distintos bajo «CLUB 3 DE FEBRERO». Puede ser varias categorías (A/B) o alias sin unificar.
c0029;club_varios_nombres;COUNTRY BANFIELD;COUNTRY BANFIELD;COUNTRY BANFIELD;False;;341;2023,2024;COUNTRY BANFIELD;3 nombres normalizados distintos bajo «COUNTRY BANFIELD». Puede ser varias categorías (A/B) o alias sin unificar.
c0029;club_varios_nombres;COUNTRY BANFIELD;COUNTRY BANFIELD A;COUNTRY BANFIELD A;False;;207;2025,2026;COUNTRY BANFIELD;3 nombres normalizados distintos bajo «COUNTRY BANFIELD». Puede ser varias categorías (A/B) o alias sin unificar.
c0029;club_varios_nombres;COUNTRY BANFIELD;COUNTRY BANFIELD B;COUNTRY BANFIELD B;False;;170;2025,2026;COUNTRY BANFIELD;3 nombres normalizados distintos bajo «COUNTRY BANFIELD». Puede ser varias categorías (A/B) o alias sin unificar.
c0030;club_varios_nombres;PINOCHO;PINOCHO;PINOCHO;False;;533;2023,2024,2025,2026;PINOCHO;3 nombres normalizados distintos bajo «PINOCHO». Puede ser varias categorías (A/B) o alias sin unificar.
c0030;club_varios_nombres;PINOCHO;PINOCHO BLANCO;PINOCHO BLANCO;False;;517;2023,2024,2025,2026;PINOCHO;3 nombres normalizados distintos bajo «PINOCHO». Puede ser varias categorías (A/B) o alias sin unificar.
c0030;club_varios_nombres;PINOCHO;PINOCHO VERDE;PINOCHO VERDE;False;;481;2023,2024,2025,2026;PINOCHO;3 nombres normalizados distintos bajo «PINOCHO». Puede ser varias categorías (A/B) o alias sin unificar.
c0031;club_varios_nombres;SAN LORENZO;SAN LORENZO AZUL;SAN LORENZO AZUL;False;;536;2023,2024,2025,2026;SAN LORENZO AZUL;3 nombres normalizados distintos bajo «SAN LORENZO». Puede ser varias categorías (A/B) o alias sin unificar.
c0031;club_varios_nombres;SAN LORENZO;SAN LORENZO ROJO;SAN LORENZO ROJO;False;;317;2023,2024;SAN LORENZO AZUL;3 nombres normalizados distintos bajo «SAN LORENZO». Puede ser varias categorías (A/B) o alias sin unificar.
c0031;club_varios_nombres;SAN LORENZO;SAN LORENZO ROJO B;SAN LORENZO ROJO B;False;;205;2025,2026;SAN LORENZO AZUL;3 nombres normalizados distintos bajo «SAN LORENZO». Puede ser varias categorías (A/B) o alias sin unificar.
c0032;club_varios_nombres;SAN MIGUEL;SAN MIGUEL BLANCO;SAN MIGUEL BLANCO;True;SAN MIGUEL BLANCO;457;2023,2024,2025,2026;SAN MIGUEL BLANCO;3 nombres normalizados distintos bajo «SAN MIGUEL». Puede ser varias categorías (A/B) o alias sin unificar. 1 variantes sin entrada en equipos_map.
c0032;club_varios_nombres;SAN MIGUEL;SAN MIGUEL;SAN MIGUEL;True;SAN MIGUEL;343;2023,2024;SAN MIGUEL BLANCO;3 nombres normalizados distintos bajo «SAN MIGUEL». Puede ser varias categorías (A/B) o alias sin unificar. 1 variantes sin entrada en equipos_map.
c0032;club_varios_nombres;SAN MIGUEL;SAN MIGUEL Verde;SAN MIGUEL Verde;False;;195;2025,2026;SAN MIGUEL BLANCO;3 nombres normalizados distintos bajo «SAN MIGUEL». Puede ser varias categorías (A/B) o alias sin unificar. 1 variantes sin entrada en equipos_map.
c0033;club_varios_nombres;SITAS;SITAS;SITAS;False;;473;2023,2024,2025;SITAS;3 nombres normalizados distintos bajo «SITAS». Puede ser varias categorías (A/B) o alias sin unificar.
c0033;club_varios_nombres;SITAS;SITAS ROJO;SITAS ROJO;False;;39;2026;SITAS;3 nombres normalizados distintos bajo «SITAS». Puede ser varias categorías (A/B) o alias sin unificar.
c0033;club_varios_nombres;SITAS;SITAS VERDE;SITAS VERDE;False;;30;2026;SITAS;3 nombres normalizados distintos bajo «SITAS». Puede ser varias categorías (A/B) o alias sin unificar.
c0034;club_varios_nombres;ALL BOYS;ALL BOYS BLANCO;ALL BOYS BLANCO;False;;535;2023,2024,2025,2026;ALL BOYS BLANCO;2 nombres normalizados distintos bajo «ALL BOYS». Puede ser varias categorías (A/B) o alias sin unificar.
c0034;club_varios_nombres;ALL BOYS;ALL BOYS NEGRO;ALL BOYS NEGRO;False;;336;2023,2024,2026;ALL BOYS BLANCO;2 nombres normalizados distintos bajo «ALL BOYS». Puede ser varias categorías (A/B) o alias sin unificar.
c0035;club_varios_nombres;ARGENTINO DE CASTELAR CENTRO;ARGENTINO DE CASTELAR CENTRO;ARGENTINO DE CASTELAR CENTRO;False;;485;2023,2024;ARGENTINO DE CASTELAR CENTRO;2 nombres normalizados distintos bajo «ARGENTINO DE CASTELAR CENTRO». Puede ser varias categorías (A/B) o alias sin unificar.
c0035;club_varios_nombres;ARGENTINO DE CASTELAR CENTRO;ARGENTINO DE CASTELAR CENTRO B;ARGENTINO DE CASTELAR CENTRO B;False;;189;2025,2026;ARGENTINO DE CASTELAR CENTRO;2 nombres normalizados distintos bajo «ARGENTINO DE CASTELAR CENTRO». Puede ser varias categorías (A/B) o alias sin unificar.
c0036;club_varios_nombres;ARGENTINO DE CASTELAR NORTE;ARGENTINO DE CASTELAR NORTE;ARGENTINO DE CASTELAR NORTE;False;;338;2023,2024;ARGENTINO DE CASTELAR NORTE;2 nombres normalizados distintos bajo «ARGENTINO DE CASTELAR NORTE». Puede ser varias categorías (A/B) o alias sin unificar.
c0036;club_varios_nombres;ARGENTINO DE CASTELAR NORTE;ARGENTINO DE CASTELAR NORTE A;ARGENTINO DE CASTELAR NORTE A;False;;200;2025,2026;ARGENTINO DE CASTELAR NORTE;2 nombres normalizados distintos bajo «ARGENTINO DE CASTELAR NORTE». Puede ser varias categorías (A/B) o alias sin unificar.
c0037;club_varios_nombres;BANCO NACION;BANCO NACION AZUL A;BANCO NACION AZUL A;False;;198;2025,2026;BANCO NACION AZUL A;2 nombres normalizados distintos bajo «BANCO NACION». Puede ser varias categorías (A/B) o alias sin unificar.
c0037;club_varios_nombres;BANCO NACION;BANCO NACION BLANCO B;BANCO NACION BLANCO B;False;;190;2025,2026;BANCO NACION AZUL A;2 nombres normalizados distintos bajo «BANCO NACION». Puede ser varias categorías (A/B) o alias sin unificar.
c0038;club_varios_nombres;BANCO PROVINCIA;BANCO PROVINCIA;BANCO PROVINCIA;False;;556;2023,2024,2025,2026;BANCO PROVINCIA;2 nombres normalizados distintos bajo «BANCO PROVINCIA». Puede ser varias categorías (A/B) o alias sin unificar.
c0038;club_varios_nombres;BANCO PROVINCIA;BANCO PROVINCIA B;BANCO PROVINCIA B;False;;147;2023;BANCO PROVINCIA;2 nombres normalizados distintos bajo «BANCO PROVINCIA». Puede ser varias categorías (A/B) o alias sin unificar.
c0039;club_varios_nombres;C.A.S.A PADUA;C.A.S.A PADUA A;C.A.S.A PADUA A;False;;557;2023,2024,2025,2026;C.A.S.A PADUA A;2 nombres normalizados distintos bajo «C.A.S.A PADUA». Puede ser varias categorías (A/B) o alias sin unificar.
c0039;club_varios_nombres;C.A.S.A PADUA;C.A.S.A PADUA B;C.A.S.A PADUA B;False;;501;2023,2024,2025,2026;C.A.S.A PADUA A;2 nombres normalizados distintos bajo «C.A.S.A PADUA». Puede ser varias categorías (A/B) o alias sin unificar.
c0040;alias_sin_mapear;C.S.D.Y C. MORENO;C.S.D.y C. Moreno;C.S.D.y C. Moreno;False;;158;2025,2026;C.S.D.y C. Moreno;"Varios textos crudos; ninguno está en equipos_map.json."
c0040;alias_sin_mapear;C.S.D.Y C. MORENO;C.S.D.y C. MORENO;C.S.D.y C. MORENO;False;;25;2025;C.S.D.y C. Moreno;"Varios textos crudos; ninguno está en equipos_map.json."
c0041;una_temporada;CAÑUELAS FC;CAÑUELAS FC - Sub19;CAÑUELAS FC;True;CAÑUELAS FC;26;2023;CAÑUELAS FC;«CAÑUELAS FC - Sub19» solo en 2023. ¿Mapear a «CAÑUELAS FC»?
c0041;una_temporada;CAÑUELAS FC;CAÑUELAS FC;CAÑUELAS FC;False;;506;2023,2024,2025,2026;CAÑUELAS FC;«CAÑUELAS FC - Sub19» solo en 2023. ¿Mapear a «CAÑUELAS FC»?
c0042;club_varios_nombres;CLUB TRES DE FEBRERO;CLUB TRES DE FEBRERO BLANCO;CLUB TRES DE FEBRERO BLANCO;True;CLUB TRES DE FEBRERO BLANCO;340;2023,2024;CLUB TRES DE FEBRERO BLANCO;2 nombres normalizados distintos bajo «CLUB TRES DE FEBRERO». Puede ser varias categorías (A/B) o alias sin unificar.
c0042;club_varios_nombres;CLUB TRES DE FEBRERO;CLUB TRES DE FEBRERO AZUL;CLUB TRES DE FEBRERO AZUL;True;CLUB TRES DE FEBRERO AZUL;331;2023,2024;CLUB TRES DE FEBRERO BLANCO;2 nombres normalizados distintos bajo «CLUB TRES DE FEBRERO». Puede ser varias categorías (A/B) o alias sin unificar.
c0043;club_varios_nombres;COLEGIALES;COLEGIALES BLANCO;COLEGIALES BLANCO;False;;524;2023,2024,2025,2026;COLEGIALES BLANCO;2 nombres normalizados distintos bajo «COLEGIALES». Puede ser varias categorías (A/B) o alias sin unificar.
c0043;club_varios_nombres;COLEGIALES;COLEGIALES NEGRO;COLEGIALES NEGRO;False;;488;2023,2024,2025,2026;COLEGIALES BLANCO;2 nombres normalizados distintos bajo «COLEGIALES». Puede ser varias categorías (A/B) o alias sin unificar.
c0044;club_varios_nombres;DEP. MORON;DEP. MORON BLANCO;DEP. MORON BLANCO;False;;506;2023,2024,2025;DEP. MORON BLANCO;2 nombres normalizados distintos bajo «DEP. MORON». Puede ser varias categorías (A/B) o alias sin unificar.
c0044;club_varios_nombres;DEP. MORON;DEP. MORON ROJO;DEP. MORON ROJO;False;;399;2023,2024,2025;DEP. MORON BLANCO;2 nombres normalizados distintos bajo «DEP. MORON». Puede ser varias categorías (A/B) o alias sin unificar.
c0045;club_varios_nombres;DEPORTIVO CROVARA;"DEPORTIVO CROVARA  ""A""";"DEPORTIVO CROVARA  ""A""";False;;532;2023,2024,2025,2026;"DEPORTIVO CROVARA  ""A""";2 nombres normalizados distintos bajo «DEPORTIVO CROVARA». Puede ser varias categorías (A/B) o alias sin unificar.
c0045;club_varios_nombres;DEPORTIVO CROVARA;DEPORTIVO CROVARA B;DEPORTIVO CROVARA B;False;;432;2023,2024,2025,2026;"DEPORTIVO CROVARA  ""A""";2 nombres normalizados distintos bajo «DEPORTIVO CROVARA». Puede ser varias categorías (A/B) o alias sin unificar.
c0046;club_varios_nombres;G.E DE LOMAS DE ZAMORA;G.E DE LOMAS DE ZAMORA A;G.E DE LOMAS DE ZAMORA A;False;;345;2023,2024;G.E DE LOMAS DE ZAMORA A;2 nombres normalizados distintos bajo «G.E DE LOMAS DE ZAMORA». Puede ser varias categorías (A/B) o alias sin unificar.
c0046;club_varios_nombres;G.E DE LOMAS DE ZAMORA;G.E DE LOMAS DE ZAMORA B;G.E DE LOMAS DE ZAMORA B;False;;329;2023,2024;G.E DE LOMAS DE ZAMORA A;2 nombres normalizados distintos bajo «G.E DE LOMAS DE ZAMORA». Puede ser varias categorías (A/B) o alias sin unificar.
c0047;club_varios_nombres;GIMNASIA Y ESGRIMA DE LOMAS DE ZAMORA;GIMNASIA y ESGRIMA DE LOMAS DE ZAMORA;GIMNASIA y ESGRIMA DE LOMAS DE ZAMORA;False;;201;2025,2026;GIMNASIA y ESGRIMA DE LOMAS DE ZAMORA;2 nombres normalizados distintos bajo «GIMNASIA Y ESGRIMA DE LOMAS DE ZAMORA». Puede ser varias categorías (A/B) o alias sin unificar.
c0047;club_varios_nombres;GIMNASIA Y ESGRIMA DE LOMAS DE ZAMORA;GIMNASIA y ESGRIMA DE LOMAS DE ZAMORA B;GIMNASIA y ESGRIMA DE LOMAS DE ZAMORA B;False;;173;2025,2026;GIMNASIA y ESGRIMA DE LOMAS DE ZAMORA;2 nombres normalizados distintos bajo «GIMNASIA Y ESGRIMA DE LOMAS DE ZAMORA». Puede ser varias categorías (A/B) o alias sin unificar.
c0048;club_varios_nombres;GIMNASIA Y ESGRIMA LA;GIMNASIA Y ESGRIMA LA PLATA B;GIMNASIA Y ESGRIMA LA PLATA B;False;;60;2026;GIMNASIA Y ESGRIMA LA PLATA B;2 nombres normalizados distintos bajo «GIMNASIA Y ESGRIMA LA». Puede ser varias categorías (A/B) o alias sin unificar.
c0048;club_varios_nombres;GIMNASIA Y ESGRIMA LA;GIMNASIA Y ESGRIMA LA PLATA A;GIMNASIA Y ESGRIMA LA PLATA A;False;;36;2026;GIMNASIA Y ESGRIMA LA PLATA B;2 nombres normalizados distintos bajo «GIMNASIA Y ESGRIMA LA». Puede ser varias categorías (A/B) o alias sin unificar.
c0049;club_varios_nombres;HURACAN DE SAN JUSTO;HURACAN DE SAN JUSTO ROJO;HURACAN DE SAN JUSTO ROJO;False;;540;2023,2024,2025,2026;HURACAN DE SAN JUSTO ROJO;2 nombres normalizados distintos bajo «HURACAN DE SAN JUSTO». Puede ser varias categorías (A/B) o alias sin unificar.
c0049;club_varios_nombres;HURACAN DE SAN JUSTO;HURACAN DE SAN JUSTO BLANCO;HURACAN DE SAN JUSTO BLANCO;False;;414;2023,2024,2025,2026;HURACAN DE SAN JUSTO ROJO;2 nombres normalizados distintos bajo «HURACAN DE SAN JUSTO». Puede ser varias categorías (A/B) o alias sin unificar.
c0050;club_varios_nombres;INDEPENDIENTE;INDEPENDIENTE;INDEPENDIENTE;False;;419;2023,2024,2025,2026;INDEPENDIENTE;2 nombres normalizados distintos bajo «INDEPENDIENTE». Puede ser varias categorías (A/B) o alias sin unificar.
c0050;club_varios_nombres;INDEPENDIENTE;INDEPENDIENTE ROJO;INDEPENDIENTE ROJO;False;;105;2025;INDEPENDIENTE;2 nombres normalizados distintos bajo «INDEPENDIENTE». Puede ser varias categorías (A/B) o alias sin unificar.
c0051;club_varios_nombres;INDIOS U11;INDIOS U11 NEGRO;INDIOS U11 NEGRO;False;;28;2025;INDIOS U11 NEGRO;2 nombres normalizados distintos bajo «INDIOS U11». Puede ser varias categorías (A/B) o alias sin unificar.
c0051;club_varios_nombres;INDIOS U11;INDIOS U11 BLANCO;INDIOS U11 BLANCO;False;;25;2025;INDIOS U11 NEGRO;2 nombres normalizados distintos bajo «INDIOS U11». Puede ser varias categorías (A/B) o alias sin unificar.
c0052;club_varios_nombres;INDIOS U13;INDIOS U13 BLANCO;INDIOS U13 BLANCO;False;;30;2025;INDIOS U13 BLANCO;2 nombres normalizados distintos bajo «INDIOS U13». Puede ser varias categorías (A/B) o alias sin unificar.
c0052;club_varios_nombres;INDIOS U13;INDIOS U13 NEGRO;INDIOS U13 NEGRO;False;;30;2025;INDIOS U13 BLANCO;2 nombres normalizados distintos bajo «INDIOS U13». Puede ser varias categorías (A/B) o alias sin unificar.
c0053;club_varios_nombres;INDIOS U15;INDIOS U15 BLANCO;INDIOS U15 BLANCO;False;;29;2025;INDIOS U15 BLANCO;2 nombres normalizados distintos bajo «INDIOS U15». Puede ser varias categorías (A/B) o alias sin unificar.
c0053;club_varios_nombres;INDIOS U15;INDIOS U15 NEGRO;INDIOS U15 NEGRO;False;;29;2025;INDIOS U15 BLANCO;2 nombres normalizados distintos bajo «INDIOS U15». Puede ser varias categorías (A/B) o alias sin unificar.
c0054;club_varios_nombres;INDIOS U17;INDIOS U17 BLANCO;INDIOS U17 BLANCO;False;;30;2025;INDIOS U17 BLANCO;2 nombres normalizados distintos bajo «INDIOS U17». Puede ser varias categorías (A/B) o alias sin unificar.
c0054;club_varios_nombres;INDIOS U17;INDIOS U17 NEGRO;INDIOS U17 NEGRO;False;;28;2025;INDIOS U17 BLANCO;2 nombres normalizados distintos bajo «INDIOS U17». Puede ser varias categorías (A/B) o alias sin unificar.
c0055;club_varios_nombres;INDIOS U21;INDIOS U21 NEGRO;INDIOS U21 NEGRO;False;;31;2025;INDIOS U21 NEGRO;2 nombres normalizados distintos bajo «INDIOS U21». Puede ser varias categorías (A/B) o alias sin unificar.
c0055;club_varios_nombres;INDIOS U21;INDIOS U21 BLANCO;INDIOS U21 BLANCO;False;;28;2025;INDIOS U21 NEGRO;2 nombres normalizados distintos bajo «INDIOS U21». Puede ser varias categorías (A/B) o alias sin unificar.
c0056;club_varios_nombres;INDIOS U9;INDIOS U9 NEGRO;INDIOS U9 NEGRO;False;;27;2025;INDIOS U9 NEGRO;2 nombres normalizados distintos bajo «INDIOS U9». Puede ser varias categorías (A/B) o alias sin unificar.
c0056;club_varios_nombres;INDIOS U9;INDIOS U9 BLANCO;INDIOS U9 BLANCO;False;;23;2025;INDIOS U9 NEGRO;2 nombres normalizados distintos bajo «INDIOS U9». Puede ser varias categorías (A/B) o alias sin unificar.
c0057;club_varios_nombres;ITALIANO;ITALIANO;ITALIANO;False;;536;2023,2024,2025,2026;ITALIANO;2 nombres normalizados distintos bajo «ITALIANO». Puede ser varias categorías (A/B) o alias sin unificar.
c0057;club_varios_nombres;ITALIANO;ITALIANO B;ITALIANO B;False;;493;2023,2024,2025,2026;ITALIANO;2 nombres normalizados distintos bajo «ITALIANO». Puede ser varias categorías (A/B) o alias sin unificar.
c0058;club_varios_nombres;LANUS;LANUS A;LANUS A;False;;550;2023,2024,2025,2026;LANUS A;2 nombres normalizados distintos bajo «LANUS». Puede ser varias categorías (A/B) o alias sin unificar.
c0058;club_varios_nombres;LANUS;LANUS B;LANUS B;False;;500;2023,2024,2025,2026;LANUS A;2 nombres normalizados distintos bajo «LANUS». Puede ser varias categorías (A/B) o alias sin unificar.
c0059;club_varios_nombres;LAS HERAS;LAS HERAS A;LAS HERAS A;False;;533;2023,2024,2025,2026;LAS HERAS A;2 nombres normalizados distintos bajo «LAS HERAS». Puede ser varias categorías (A/B) o alias sin unificar.
c0059;club_varios_nombres;LAS HERAS;LAS HERAS B;LAS HERAS B;False;;294;2023,2024;LAS HERAS A;2 nombres normalizados distintos bajo «LAS HERAS». Puede ser varias categorías (A/B) o alias sin unificar.
c0060;club_varios_nombres;LOS INDIOS CADETES;LOS INDIOS CADETES A;LOS INDIOS CADETES A;False;;5;2026;LOS INDIOS CADETES A;2 nombres normalizados distintos bajo «LOS INDIOS CADETES». Puede ser varias categorías (A/B) o alias sin unificar.
c0060;club_varios_nombres;LOS INDIOS CADETES;LOS INDIOS CADETES B;LOS INDIOS CADETES B;False;;5;2026;LOS INDIOS CADETES A;2 nombres normalizados distintos bajo «LOS INDIOS CADETES». Puede ser varias categorías (A/B) o alias sin unificar.
c0061;club_varios_nombres;LOS INDIOS DE MORENO;LOS INDIOS DE MORENO NEGRO;LOS INDIOS DE MORENO NEGRO;False;;344;2023,2024;LOS INDIOS DE MORENO NEGRO;2 nombres normalizados distintos bajo «LOS INDIOS DE MORENO». Puede ser varias categorías (A/B) o alias sin unificar.
c0061;club_varios_nombres;LOS INDIOS DE MORENO;LOS INDIOS DE MORENO BLANCO;LOS INDIOS DE MORENO BLANCO;False;;339;2023,2024;LOS INDIOS DE MORENO NEGRO;2 nombres normalizados distintos bajo «LOS INDIOS DE MORENO». Puede ser varias categorías (A/B) o alias sin unificar.
c0062;club_varios_nombres;LOS INDIOS INFANTILES;LOS INDIOS INFANTILES A;LOS INDIOS INFANTILES A;False;;5;2026;LOS INDIOS INFANTILES A;2 nombres normalizados distintos bajo «LOS INDIOS INFANTILES». Puede ser varias categorías (A/B) o alias sin unificar.
c0062;club_varios_nombres;LOS INDIOS INFANTILES;LOS INDIOS INFANTILES B;LOS INDIOS INFANTILES B;False;;5;2026;LOS INDIOS INFANTILES A;2 nombres normalizados distintos bajo «LOS INDIOS INFANTILES». Puede ser varias categorías (A/B) o alias sin unificar.
c0063;club_varios_nombres;LOS INDIOS JUVENILES;LOS INDIOS JUVENILES A;LOS INDIOS JUVENILES A;False;;5;2026;LOS INDIOS JUVENILES A;2 nombres normalizados distintos bajo «LOS INDIOS JUVENILES». Puede ser varias categorías (A/B) o alias sin unificar.
c0063;club_varios_nombres;LOS INDIOS JUVENILES;LOS INDIOS JUVENILES B;LOS INDIOS JUVENILES B;False;;5;2026;LOS INDIOS JUVENILES A;2 nombres normalizados distintos bajo «LOS INDIOS JUVENILES». Puede ser varias categorías (A/B) o alias sin unificar.
c0064;club_varios_nombres;LOS INDIOS LIGA PROXIMA;LOS INDIOS LIGA PROXIMA A;LOS INDIOS LIGA PROXIMA A;False;;5;2026;LOS INDIOS LIGA PROXIMA A;2 nombres normalizados distintos bajo «LOS INDIOS LIGA PROXIMA». Puede ser varias categorías (A/B) o alias sin unificar.
c0064;club_varios_nombres;LOS INDIOS LIGA PROXIMA;LOS INDIOS LIGA PROXIMA B;LOS INDIOS LIGA PROXIMA B;False;;5;2026;LOS INDIOS LIGA PROXIMA A;2 nombres normalizados distintos bajo «LOS INDIOS LIGA PROXIMA». Puede ser varias categorías (A/B) o alias sin unificar.
c0065;club_varios_nombres;LOS INDIOS MINI;LOS INDIOS MINI A;LOS INDIOS MINI A;False;;5;2026;LOS INDIOS MINI A;2 nombres normalizados distintos bajo «LOS INDIOS MINI». Puede ser varias categorías (A/B) o alias sin unificar.
c0065;club_varios_nombres;LOS INDIOS MINI;LOS INDIOS MINI B;LOS INDIOS MINI B;False;;5;2026;LOS INDIOS MINI A;2 nombres normalizados distintos bajo «LOS INDIOS MINI». Puede ser varias categorías (A/B) o alias sin unificar.
c0066;club_varios_nombres;LOS INDIOS PREMINI;LOS INDIOS PREMINI A;LOS INDIOS PREMINI A;False;;5;2026;LOS INDIOS PREMINI A;2 nombres normalizados distintos bajo «LOS INDIOS PREMINI». Puede ser varias categorías (A/B) o alias sin unificar.
c0066;club_varios_nombres;LOS INDIOS PREMINI;LOS INDIOS PREMINI B;LOS INDIOS PREMINI B;False;;5;2026;LOS INDIOS PREMINI A;2 nombres normalizados distintos bajo «LOS INDIOS PREMINI». Puede ser varias categorías (A/B) o alias sin unificar.
c0067;club_varios_nombres;NAUTICO BUCHARDO;NAUTICO BUCHARDO A;NAUTICO BUCHARDO A;False;;542;2023,2024,2025,2026;NAUTICO BUCHARDO A;2 nombres normalizados distintos bajo «NAUTICO BUCHARDO». Puede ser varias categorías (A/B) o alias sin unificar.
c0067;club_varios_nombres;NAUTICO BUCHARDO;NAUTICO BUCHARDO B;NAUTICO BUCHARDO B;False;;507;2023,2024,2025,2026;NAUTICO BUCHARDO A;2 nombres normalizados distintos bajo «NAUTICO BUCHARDO». Puede ser varias categorías (A/B) o alias sin unificar.
c0068;alias_sin_mapear;OLIMPO FLEX;OLIMPO flex;OLIMPO flex;False;;55;2024;OLIMPO flex;"Varios textos crudos; ninguno está en equipos_map.json."
c0068;alias_sin_mapear;OLIMPO FLEX;OLIMPO Flex;OLIMPO Flex;False;;10;2024;OLIMPO flex;"Varios textos crudos; ninguno está en equipos_map.json."
c0069;club_varios_nombres;PLATENSE;PLATENSE MARRON;PLATENSE MARRON;False;;555;2023,2024,2025,2026;PLATENSE MARRON;2 nombres normalizados distintos bajo «PLATENSE». Puede ser varias categorías (A/B) o alias sin unificar.
c0069;club_varios_nombres;PLATENSE;PLATENSE BLANCO;PLATENSE BLANCO;False;;512;2023,2024,2025,2026;PLATENSE MARRON;2 nombres normalizados distintos bajo «PLATENSE». Puede ser varias categorías (A/B) o alias sin unificar.
c0070;club_varios_nombres;PORTEÑO;PORTEÑO AZUL A;PORTEÑO AZUL A;False;;169;2025;PORTEÑO AZUL A;2 nombres normalizados distintos bajo «PORTEÑO». Puede ser varias categorías (A/B) o alias sin unificar.
c0070;club_varios_nombres;PORTEÑO;PORTEÑO BLANCO B;PORTEÑO BLANCO B;False;;135;2025;PORTEÑO AZUL A;2 nombres normalizados distintos bajo «PORTEÑO». Puede ser varias categorías (A/B) o alias sin unificar.
c0071;una_temporada;SPORTIVO ESCOBAR;CLUB SPORTIVO ESCOBAR;SPORTIVO ESCOBAR;True;SPORTIVO ESCOBAR;74;2023;SPORTIVO ESCOBAR;«CLUB SPORTIVO ESCOBAR» solo en 2023. ¿Mapear a «SPORTIVO ESCOBAR»?
c0071;una_temporada;SPORTIVO ESCOBAR;SPORTIVO ESCOBAR;SPORTIVO ESCOBAR;False;;452;2023,2024,2025,2026;SPORTIVO ESCOBAR;«CLUB SPORTIVO ESCOBAR» solo en 2023. ¿Mapear a «SPORTIVO ESCOBAR»?
c0072;club_varios_nombres;U.V.V.A UNION VECINAL VILLA ADELINA;U.V.V.A UNION VECINAL VILLA ADELINA;U.V.V.A UNION VECINAL VILLA ADELINA;False;;205;2025,2026;U.V.V.A UNION VECINAL VILLA ADELINA;2 nombres normalizados distintos bajo «U.V.V.A UNION VECINAL VILLA ADELINA». Puede ser varias categorías (A/B) o alias sin unificar.
c0072;club_varios_nombres;U.V.V.A UNION VECINAL VILLA ADELINA;"U.V.V.A UNION VECINAL VILLA ADELINA ""AZUL""";"U.V.V.A UNION VECINAL VILLA ADELINA ""AZUL""";False;;6;2026;U.V.V.A UNION VECINAL VILLA ADELINA;2 nombres normalizados distintos bajo «U.V.V.A UNION VECINAL VILLA ADELINA». Puede ser varias categorías (A/B) o alias sin unificar.
c0073;club_varios_nombres;VELEZ SARSFIELD;VELEZ SARSFIELD BLANCO;VELEZ SARSFIELD BLANCO;False;;337;2023,2024;VELEZ SARSFIELD BLANCO;2 nombres normalizados distintos bajo «VELEZ SARSFIELD». Puede ser varias categorías (A/B) o alias sin unificar.
c0073;club_varios_nombres;VELEZ SARSFIELD;VELEZ SARSFIELD AZUL;VELEZ SARSFIELD AZUL;False;;307;2023,2024;VELEZ SARSFIELD BLANCO;2 nombres normalizados distintos bajo «VELEZ SARSFIELD». Puede ser varias categorías (A/B) o alias sin unificar.
